"año";"campaña_mes";"clasificación";"parámetro";"ld";"lc";"unidades";"ti001";"sf_delta";"si024";"ca_cu02";"ca_cu03";"ca_cu04";"ca047";"av055";"qu061";"bz078";"vl032";"en081";"bs093"
"2022";"Agosto";"Parámetros_generales";"Granulometría_Arena";"-";"-";"%";"9.475";"23.505";"96.06";"96";"-";"22.47";"98.005";"97.13";"95.99";"99.96";"80.055";"99.85";"99.86"
"2022";"Agosto";"Parámetros_generales";"Granulometría_Limo";"-";"-";"%";"71.35";"76.495";"3.935";"4";"-";"60.435";"1.99";"2.87";"4.005";"0.04";"19.935";"0.15";"0.135"
"2022";"Agosto";"Parámetros_generales";"Granulometría_Arcilla";"-";"-";"%";"18.665";"13.75";"0";"0.165";"-";"17.085";"0";"0";"0";"0";"0";"0";"0"
"2022";"Agosto";"Parámetros_generales";"Granulometría_Textura";"-";"-";"-";"Limo_arcilloso";"Limoso";"Arenoso";"Arenoso";"-";"Limo_arenoso";"Arenoso";"Arenoso";"Arenoso";"Arenoso";"Arenoso_limoso";"Arenoso";"Arenoso"
"2022";"Agosto";"Parámetros_generales";"Carbono_orgánico_total";"-";"-";"%";"4.635";"2.305";"0.37";"0.54";"-";"12.56";"0.75";"0.48";"0.595";"0.41";"0.685";"0.46";"0.515"
"2022";"Agosto";"Parámetros_generales";"Nitrógeno_total";"0.5";"2";"mg_kg";"106";"64";"<LC";"11";"-";"211";"<LC";"12.5";"7.5";"23.5";"8.5";"15";"<LC"
"2022";"Agosto";"Parámetros_generales";"Sulfuros";"3";"10";"mg_kg";"ND";"ND";"11.5";"48.5";"-";"271";"ND";"ND";"ND";"11";"ND";"ND";"ND"
"2022";"Agosto";"Parámetros_generales";"Sulfato";"100";"250";"mg_kg";"4048";"4650.5";"1617";"1710.5";"-";"4275";"2756";"1907.5";"1274";"1208";"1916";"1698";"1210.5"
"2022";"Agosto";"Parámetros_generales";"Cianuro";"2";"5";"mg_kg";"ND";"ND";"ND";"ND";"-";"ND";"ND";"ND";"ND";"ND";"ND";"ND";"ND"
"2022";"Agosto";"Parámetros_generales";"SAAM";"2";"5";"mg_kg";"ND";"ND";"ND";"ND";"-";"ND";"ND";"ND";"ND";"ND";"ND";"ND";"ND"
"2022";"Agosto";"Parámetros_generales";"Fósforo_total";"30";"100";"mg_kg";"852";"685.5";"312.5";"592";"-";"1068.5";"389.5";"522";"363";"271.5";"365.5";"261.5";"253.5"
"2022";"Agosto";"Parámetros_generales";"Amonio";"0.01";"0.04";"mg_kg";"11.04";"11.735";"1.2";"4.945";"-";"30.045";"1.89";"7.975";"3.955";"5.425";"2.835";"0.265";"<LC"
"2022";"Agosto";"Parámetros_generales";"Nitritos";"0.01";"0.04";"mg_kg";"10.650";"0.530";"0.095";"0.165";"-";"1.390";"0.165";"0.165";"0.095";"0.085";"0.135";"0.060";"0.115"
"2022";"Agosto";"Parámetros_generales";"Nitratos";"0.1";"0.4";"mg_kg";"4.665";"4.22";"0.71";"ND";"-";"5.475";"<LC";"ND";"2.91";"ND";"ND";"7.855";"ND"
"2022";"Agosto";"Parámetros_generales";"Fenoles_totales";"1";"3";"mg_kg";"ND";"ND";"ND";"<LC";"-";"ND";"ND";"ND";"ND";"ND";"ND";"ND";"ND"
"2022";"Agosto";"Plaguicidas";"2,4_D";"0.15";"0.5";"µg_kg";"<LC";"<LC";"<LC";"<LC";"-";"<LC";"<LC";"<LC";"<LC";"<LC";"<LC";"<LC";"<LC"
"2022";"Agosto";"Plaguicidas";"2,4_DB";"0.5";"1.5";"µg_kg";"<LC";"<LC";"<LC";"<LC";"-";"<LC";"<LC";"<LC";"<LC";"<LC";"<LC";"<LC";"<LC"
"2022";"Agosto";"Plaguicidas";"Aletrina";"0.45";"1.5";"µg_kg";"ND";"ND";"ND";"ND";"-";"ND";"ND";"ND";"ND";"ND";"ND";"ND";"ND"
"2022";"Agosto";"Plaguicidas";"AMPA";"0.07";"0.235";"µg_kg";"233.19";"16.26";"327.36";"788.13";"-";"1900.98";"416.10";"134.28";"152.56";"68.06";"496.65";"50.19";"25.72"
"2022";"Agosto";"Plaguicidas";"Atrazina";"0.03";"0.1";"µg_kg";"ND";"ND";"ND";"ND";"-";"ND";"ND";"ND";"ND";"ND";"ND";"ND";"ND"
"2022";"Agosto";"Plaguicidas";"Atrazina_2_hidroxi";"0.03";"0.1";"µg_kg";"ND";"ND";"ND";"ND";"-";"ND";"ND";"ND";"ND";"ND";"ND";"ND";"ND"
"2022";"Agosto";"Plaguicidas";"Atrazina_desetil";"0.07";"0.22";"µg_kg";"ND";"ND";"ND";"ND";"-";"ND";"ND";"ND";"ND";"ND";"ND";"ND";"ND"
"2022";"Agosto";"Plaguicidas";"Atrazina_desisopropil";"0.15";"0.45";"µg_kg";"ND";"ND";"ND";"ND";"-";"ND";"ND";"ND";"ND";"ND";"ND";"ND";"ND"
"2022";"Agosto";"Plaguicidas";"Acetamiprid";"0.0004";"0.001";"µg_kg";"ND";"ND";"ND";"ND";"-";"ND";"ND";"ND";"ND";"ND";"ND";"ND";"ND"
"2022";"Agosto";"Plaguicidas";"Acetoclor";"0.3";"1";"µg_kg";"ND";"ND";"ND";"ND";"-";"ND";"ND";"ND";"ND";"ND";"ND";"ND";"ND"
"2022";"Agosto";"Plaguicidas";"Alacloro";"0.3";"1";"µg_kg";"ND";"ND";"ND";"ND";"-";"ND";"ND";"ND";"ND";"ND";"ND";"ND";"ND"
"2022";"Agosto";"Plaguicidas";"Aldicarb";"1.3";"4.3";"µg_kg";"ND";"ND";"ND";"ND";"-";"ND";"ND";"ND";"ND";"ND";"ND";"ND";"ND"
"2022";"Agosto";"Plaguicidas";"Ametrina";"0.001";"0.003";"µg_kg";"ND";"ND";"ND";"ND";"-";"ND";"ND";"ND";"ND";"ND";"ND";"ND";"ND"
"2022";"Agosto";"Plaguicidas";"Azoxistrobina";"0.01";"0.03";"µg_kg";"ND";"ND";"ND";"ND";"-";"ND";"ND";"1.365";"1.28";"ND";"ND";"ND";"ND"
"2022";"Agosto";"Plaguicidas";"Benazolina";"0.02";"0.07";"µg_kg";"ND";"ND";"ND";"ND";"-";"ND";"ND";"ND";"ND";"ND";"ND";"ND";"ND"
"2022";"Agosto";"Plaguicidas";"Benomilo";"0.02";"0.07";"µg_kg";"ND";"ND";"ND";"ND";"-";"ND";"ND";"ND";"ND";"ND";"ND";"ND";"ND"
"2022";"Agosto";"Plaguicidas";"Bispiribac";"0.02";"0.07";"µg_kg";"ND";"ND";"ND";"ND";"-";"ND";"ND";"ND";"ND";"ND";"ND";"ND";"ND"
"2022";"Agosto";"Plaguicidas";"Boscalid";"0.04";"0.14";"µg_kg";"ND";"ND";"ND";"ND";"-";"ND";"ND";"ND";"ND";"ND";"ND";"ND";"ND"
"2022";"Agosto";"Plaguicidas";"Butóxido_de_piperonilo";"0.005";"0.015";"µg_kg";"ND";"ND";"ND";"ND";"-";"ND";"ND";"ND";"ND";"ND";"ND";"ND";"ND"
"2022";"Agosto";"Plaguicidas";"Carbarilo";"0.025";"0.085";"µg_kg";"ND";"ND";"ND";"ND";"-";"ND";"ND";"ND";"ND";"ND";"ND";"ND";"ND"
"2022";"Agosto";"Plaguicidas";"Carbendazim";"0.02";"0.06";"µg_kg";"ND";"ND";"ND";"ND";"-";"ND";"ND";"ND";"ND";"ND";"ND";"ND";"ND"
"2022";"Agosto";"Plaguicidas";"Carbofurano";"0.05";"0.15";"µg_kg";"ND";"ND";"ND";"ND";"-";"ND";"ND";"ND";"ND";"ND";"ND";"ND";"ND"
"2022";"Agosto";"Plaguicidas";"Cipermetrina";"0.06";"0.2";"µg_kg";"ND";"ND";"ND";"ND";"-";"ND";"ND";"ND";"ND";"ND";"ND";"ND";"ND"
"2022";"Agosto";"Plaguicidas";"Clorantraniliprol";"0.3";"1";"µg_kg";"ND";"ND";"ND";"ND";"-";"ND";"ND";"ND";"ND";"ND";"ND";"ND";"ND"
"2022";"Agosto";"Plaguicidas";"Clorimuron_Etil";"0.4";"1.3";"µg_kg";"ND";"ND";"ND";"ND";"-";"ND";"ND";"ND";"ND";"ND";"ND";"ND";"ND"
"2022";"Agosto";"Plaguicidas";"Clorpirifos_(Etil_y_Metil)";"0.03";"0.1";"µg_kg";"ND";"ND";"ND";"ND";"-";"<LC";"1.465";"2.645";"1.03";"ND";"ND";"ND";"ND"
"2022";"Agosto";"Plaguicidas";"Ciproconazol";"0.07";"0.22";"µg_kg";"ND";"ND";"ND";"ND";"-";"ND";"ND";"ND";"ND";"ND";"ND";"ND";"ND"
"2022";"Agosto";"Plaguicidas";"Deltametrina";"0.27";"0.88";"µg_kg";"ND";"ND";"ND";"ND";"-";"ND";"ND";"ND";"ND";"ND";"ND";"ND";"ND"
"2022";"Agosto";"Plaguicidas";"Diazinon";"0.01";"0.04";"µg_kg";"ND";"ND";"ND";"ND";"-";"ND";"ND";"ND";"ND";"ND";"<LC";"ND";"ND"
"2022";"Agosto";"Plaguicidas";"Dicamba";"1.75";"6";"µg_kg";"ND";"ND";"ND";"ND";"-";"ND";"ND";"ND";"ND";"ND";"ND";"ND";"ND"
"2022";"Agosto";"Plaguicidas";"Diclosulam";"0.05";"0.17";"µg_kg";"ND";"ND";"ND";"ND";"-";"ND";"ND";"ND";"ND";"ND";"ND";"ND";"ND"
"2022";"Agosto";"Plaguicidas";"Difenoconazol";"0.02";"0.06";"µg_kg";"0.525";"ND";"ND";"ND";"-";"ND";"ND";"ND";"ND";"ND";"ND";"ND";"ND"
"2022";"Agosto";"Plaguicidas";"Diflubenzuron";"0.09";"0.25";"µg_kg";"ND";"ND";"ND";"ND";"-";"ND";"1.3";"5.27";"ND";"ND";"ND";"ND";"ND"
"2022";"Agosto";"Plaguicidas";"Dimetoato";"0.005";"0.015";"µg_kg";"ND";"ND";"ND";"ND";"-";"ND";"ND";"ND";"ND";"ND";"ND";"ND";"ND"
"2022";"Agosto";"Plaguicidas";"Diuron";"0.2";"0.6";"µg_kg";"ND";"ND";"ND";"ND";"-";"ND";"ND";"ND";"ND";"ND";"ND";"ND";"ND"
"2022";"Agosto";"Plaguicidas";"Epoxiconazol";"0.01";"0.04";"µg_kg";"ND";"ND";"ND";"ND";"-";"ND";"ND";"ND";"ND";"ND";"ND";"ND";"ND"
"2022";"Agosto";"Plaguicidas";"Fenitrotión";"0.03";"0.1";"µg_kg";"ND";"ND";"ND";"ND";"-";"ND";"ND";"ND";"ND";"ND";"ND";"ND";"ND"
"2022";"Agosto";"Plaguicidas";"Fipronil";"0.11";"0.36";"µg_kg";"ND";"ND";"ND";"ND";"-";"ND";"ND";"ND";"<LC";"ND";"ND";"ND";"ND"
"2022";"Agosto";"Plaguicidas";"Fludioxonil";"0.1";"0.3";"µg_kg";"ND";"ND";"ND";"ND";"-";"ND";"ND";"ND";"ND";"ND";"ND";"ND";"ND"
"2022";"Agosto";"Plaguicidas";"Flumioxazin";"0.8";"2.6";"µg_kg";"ND";"ND";"ND";"ND";"-";"ND";"ND";"ND";"ND";"ND";"ND";"ND";"ND"
"2022";"Agosto";"Plaguicidas";"Flurocloridona";"0.015";"0.045";"µg_kg";"ND";"ND";"ND";"ND";"-";"ND";"ND";"ND";"ND";"ND";"ND";"ND";"ND"
"2022";"Agosto";"Plaguicidas";"Glifosato";"0.03";"0.1";"µg_kg";"96.885";"26.19";"1064.6";"411.86";"-";"346.705";"1.011.215";"195.665";"182.11";"98.48";"609.38";"59.24";"8.685"
"2022";"Agosto";"Plaguicidas";"Glufosinato";"0.025";"0.07";"µg_kg";"ND";"ND";"ND";"ND";"-";"ND";"ND";"ND";"ND";"ND";"ND";"ND";"ND"
"2022";"Agosto";"Plaguicidas";"Haloxifop_metil";"0.015";"0.05";"µg_kg";"ND";"ND";"ND";"ND";"-";"ND";"ND";"ND";"ND";"ND";"ND";"ND";"ND"
"2022";"Agosto";"Plaguicidas";"Imazapic";"0.04";"0.13";"µg_kg";"ND";"ND";"ND";"ND";"-";"ND";"ND";"ND";"ND";"ND";"ND";"ND";"ND"
"2022";"Agosto";"Plaguicidas";"Imazapir";"0.1";"0.35";"µg_kg";"ND";"ND";"ND";"ND";"-";"ND";"ND";"ND";"ND";"ND";"ND";"ND";"ND"
"2022";"Agosto";"Plaguicidas";"Imazaquin";"0.1";"0.3";"µg_kg";"ND";"ND";"ND";"ND";"-";"ND";"ND";"ND";"ND";"ND";"ND";"ND";"ND"
"2022";"Agosto";"Plaguicidas";"Imidacloprid";"0.01";"0.03";"µg_kg";"ND";"ND";"ND";"ND";"-";"ND";"ND";"ND";"ND";"ND";"ND";"ND";"ND"
"2022";"Agosto";"Plaguicidas";"Imazetapir";"0.23";"0.77";"µg_kg";"ND";"ND";"ND";"ND";"-";"ND";"ND";"ND";"ND";"ND";"ND";"ND";"ND"
"2022";"Agosto";"Plaguicidas";"Kresoxim_metil";"0.01";"0.03";"µg_kg";"ND";"ND";"ND";"ND";"-";"ND";"ND";"ND";"ND";"ND";"ND";"ND";"ND"
"2022";"Agosto";"Plaguicidas";"Lactofen";"0.025";"0.08";"µg_kg";"ND";"ND";"ND";"ND";"-";"ND";"ND";"ND";"ND";"ND";"ND";"ND";"ND"
"2022";"Agosto";"Plaguicidas";"Lambda_cialotrina";"1.8";"4.7";"µg_kg";"ND";"ND";"ND";"ND";"-";"ND";"ND";"ND";"ND";"ND";"ND";"ND";"ND"
"2022";"Agosto";"Plaguicidas";"Linuron";"0.2";"0.6";"µg_kg";"ND";"ND";"ND";"ND";"-";"ND";"ND";"ND";"ND";"ND";"ND";"ND";"ND"
"2022";"Agosto";"Plaguicidas";"Malatión";"0.03";"0.1";"µg_kg";"ND";"ND";"ND";"ND";"-";"ND";"ND";"ND";"ND";"ND";"ND";"ND";"ND"
"2022";"Agosto";"Plaguicidas";"Mancozeb";"0.23";"0.75";"µg_kg";"ND";"ND";"ND";"ND";"-";"ND";"ND";"ND";"ND";"ND";"ND";"ND";"ND"
"2022";"Agosto";"Plaguicidas";"MCPA";"0.48";"1.6";"µg_kg";"ND";"ND";"ND";"ND";"-";"ND";"ND";"ND";"ND";"ND";"ND";"ND";"ND"
"2022";"Agosto";"Plaguicidas";"Metalaxil";"0.01";"0.04";"µg_kg";"ND";"ND";"ND";"ND";"-";"ND";"ND";"ND";"ND";"ND";"ND";"ND";"ND"
"2022";"Agosto";"Plaguicidas";"Metconazol";"0.01";"0.03";"µg_kg";"ND";"ND";"ND";"ND";"-";"ND";"ND";"ND";"ND";"ND";"ND";"ND";"ND"
"2022";"Agosto";"Plaguicidas";"Metolacloro";"0.005";"0.015";"µg_kg";"ND";"ND";"ND";"ND";"-";"ND";"ND";"2.54";"2.3";"1.25";"ND";"ND";"ND"
"2022";"Agosto";"Plaguicidas";"Metomilo";"0.01";"0.03";"µg_kg";"ND";"ND";"ND";"ND";"-";"ND";"ND";"ND";"ND";"ND";"ND";"ND";"ND"
"2022";"Agosto";"Plaguicidas";"Metribuzina";"0.25";"0.82";"µg_kg";"ND";"ND";"ND";"ND";"-";"ND";"ND";"ND";"ND";"ND";"ND";"ND";"ND"
"2022";"Agosto";"Plaguicidas";"Metsulfuron_metil";"0.15";"0.5";"µg_kg";"ND";"ND";"ND";"ND";"-";"ND";"ND";"ND";"ND";"ND";"ND";"ND";"ND"
"2022";"Agosto";"Plaguicidas";"Paratión_etil";"2.7";"9";"µg_kg";"ND";"ND";"ND";"ND";"-";"ND";"ND";"ND";"ND";"ND";"ND";"ND";"ND"
"2022";"Agosto";"Plaguicidas";"Pendimetalina";"0.03";"0.1";"µg_kg";"ND";"ND";"ND";"ND";"-";"ND";"ND";"ND";"ND";"ND";"ND";"ND";"ND"
"2022";"Agosto";"Plaguicidas";"Permetrina";"0.1";"0.35";"µg_kg";"ND";"ND";"ND";"ND";"-";"ND";"ND";"ND";"ND";"ND";"ND";"ND";"ND"
"2022";"Agosto";"Plaguicidas";"Picoxistrobina";"0.01";"0.03";"µg_kg";"ND";"ND";"ND";"ND";"-";"ND";"ND";"ND";"ND";"ND";"ND";"ND";"ND"
"2022";"Agosto";"Plaguicidas";"Piraclostrobina";"0.005";"0.02";"µg_kg";"ND";"ND";"ND";"ND";"-";"ND";"ND";"ND";"ND";"ND";"ND";"ND";"ND"
"2022";"Agosto";"Plaguicidas";"Prometrina";"0.25";"0.75";"µg_kg";"ND";"ND";"ND";"ND";"-";"ND";"ND";"ND";"ND";"ND";"ND";"ND";"ND"
"2022";"Agosto";"Plaguicidas";"Spinosad_A";"0.08";"0.25";"µg_kg";"ND";"ND";"ND";"ND";"-";"ND";"ND";"ND";"ND";"ND";"ND";"ND";"ND"
"2022";"Agosto";"Plaguicidas";"Spinosad_D";"0.01";"0.03";"µg_kg";"ND";"ND";"ND";"ND";"-";"ND";"ND";"ND";"ND";"ND";"ND";"ND";"ND"
"2022";"Agosto";"Plaguicidas";"Saflufenacilo";"0.3";"1";"µg_kg";"ND";"ND";"ND";"ND";"-";"ND";"ND";"ND";"ND";"ND";"ND";"ND";"ND"
"2022";"Agosto";"Plaguicidas";"Sulfentrazona";"0.4";"1";"µg_kg";"ND";"ND";"ND";"ND";"-";"ND";"ND";"ND";"ND";"ND";"ND";"ND";"ND"
"2022";"Agosto";"Plaguicidas";"Sulfluramida";"0.03";"0.1";"µg_kg";"ND";"ND";"ND";"ND";"-";"ND";"ND";"ND";"ND";"ND";"ND";"ND";"ND"
"2022";"Agosto";"Plaguicidas";"TCP_(Metab_Clorpirifos)";"0.3";"1";"µg_kg";"ND";"ND";"ND";"ND";"-";"<LC";"ND";"ND";"ND";"ND";"ND";"ND";"ND"
"2022";"Agosto";"Plaguicidas";"Tebuconazol";"0.04";"0.12";"µg_kg";"ND";"ND";"ND";"ND";"-";"5.75";"0.85";"4.35";"ND";"ND";"ND";"ND";"ND"
"2022";"Agosto";"Plaguicidas";"Tetrametrina";"0.05";"0.15";"µg_kg";"ND";"ND";"ND";"ND";"-";"ND";"ND";"ND";"ND";"ND";"ND";"ND";"ND"
"2022";"Agosto";"Plaguicidas";"Thiodicarb";"0.25";"0.75";"µg_kg";"ND";"ND";"ND";"ND";"-";"ND";"ND";"ND";"ND";"ND";"ND";"ND";"ND"
"2022";"Agosto";"Plaguicidas";"Tiacloprid";"0.01";"0.03";"µg_kg";"ND";"ND";"ND";"ND";"-";"ND";"ND";"ND";"ND";"ND";"ND";"ND";"ND"
"2022";"Agosto";"Plaguicidas";"Tiametoxam";"0.01";"0.03";"µg_kg";"ND";"ND";"ND";"ND";"-";"ND";"ND";"ND";"ND";"ND";"ND";"ND";"ND"
"2022";"Agosto";"Plaguicidas";"Trifloxistrobina";"0.005";"0.02";"µg_kg";"ND";"ND";"ND";"ND";"-";"ND";"ND";"ND";"ND";"ND";"ND";"ND";"ND"
"2022";"Agosto";"Plaguicidas";"Trifluralina";"3";"9";"µg_kg";"INT";"INT";"INT";"INT";"-";"INT";"INT";"INT";"INT";"INT";"INT";"INT";"INT"
"2022";"Agosto";"Plaguicidas";"Triticonazol";"0.015";"0.045";"µg_kg";"ND";"ND";"ND";"ND";"-";"ND";"ND";"ND";"ND";"ND";"ND";"ND";"ND"
"2022";"Agosto";"Plaguicidas";"Tropamezona";"0.3";"1";"µg_kg";"ND";"ND";"ND";"ND";"-";"ND";"ND";"ND";"ND";"ND";"ND";"ND";"ND"
"2022";"Agosto";"Ionóforos_de_uso_veterinario";"Monensina";"0.01";"0.04";"µg_kg";"ND";"ND";"ND";"ND";"-";"<LC";"ND";"ND";"ND";"ND";"ND";"ND";"ND"
"2022";"Agosto";"Ionóforos_de_uso_veterinario";"Salinomicina";"0.01";"0.03";"µg_kg";"<LC";"ND";"ND";"ND";"-";"ND";"ND";"<LC";"ND";"ND";"ND";"ND";"ND"
"2022";"Agosto";"Ionóforos_de_uso_veterinario";"Lasalocid";"0.002";"0.006";"µg_kg";"ND";"ND";"ND";"ND";"-";"ND";"ND";"ND";"ND";"ND";"ND";"ND";"ND"
"2022";"Agosto";"Ionóforos_de_uso_veterinario";"Maduramicina";"0.003";"0.01";"µg_kg";"ND";"ND";"ND";"ND";"-";"ND";"ND";"ND";"ND";"ND";"ND";"ND";"ND"
"2022";"Agosto";"Ionóforos_de_uso_veterinario";"Semduramicina";"0.006";"0.02";"µg_kg";"ND";"ND";"ND";"ND";"-";"ND";"ND";"ND";"ND";"ND";"ND";"ND";"ND"
"2022";"Agosto";"Ionóforos_de_uso_veterinario";"Tilosina";"0.01";"0.04";"µg_kg";"ND";"ND";"ND";"ND";"-";"ND";"ND";"ND";"ND";"ND";"ND";"ND";"ND"
"2022";"Agosto";"Antibióticos_Ciclinas";"Tetraciclina";"0.01";"0.05";"µg_kg";"ND";"ND";"ND";"ND";"-";"ND";"ND";"ND";"ND";"ND";"ND";"ND";"ND"
"2022";"Agosto";"Antibióticos_Ciclinas";"Oxitetraciclina";"0.02";"0.06";"µg_kg";"ND";"ND";"ND";"ND";"-";"ND";"ND";"ND";"ND";"ND";"ND";"ND";"ND"
"2022";"Agosto";"Antibióticos_Ciclinas";"Doxiciclina";"0.01";"0.03";"µg_kg";"ND";"ND";"ND";"ND";"-";"ND";"ND";"ND";"ND";"ND";"ND";"ND";"ND"
"2022";"Agosto";"Antibióticos_Ciclinas";"Clortetraciclina";"0.05";"0.2";"µg_kg";"ND";"ND";"ND";"ND";"-";"ND";"ND";"ND";"ND";"ND";"ND";"ND";"ND"
"2022";"Agosto";"Productos_de_cuidado_personal";"Metil_parabeno";"0.2";"0.6";"µg_kg";"ND";"ND";"ND";"ND";"-";"ND";"ND";"ND";"ND";"ND";"ND";"ND";"ND"
"2022";"Agosto";"Productos_de_cuidado_personal";"Etil_parabeno";"0.2";"0.7";"µg_kg";"ND";"ND";"ND";"ND";"-";"ND";"ND";"ND";"ND";"ND";"ND";"ND";"ND"
"2022";"Agosto";"Productos_de_cuidado_personal";"Propil_parabeno";"0.9";"3";"µg_kg";"ND";"ND";"ND";"ND";"-";"ND";"ND";"ND";"ND";"ND";"ND";"ND";"ND"
"2022";"Agosto";"Productos_de_cuidado_personal";"Butil_parabeno";"1";"4";"µg_kg";"ND";"ND";"ND";"ND";"-";"ND";"ND";"ND";"ND";"ND";"ND";"ND";"ND"
"2022";"Agosto";"Productos_de_cuidado_personal";"Triclosan";"1";"4";"µg_kg";"ND";"ND";"ND";"ND";"-";"ND";"ND";"ND";"ND";"ND";"ND";"ND";"ND"
"2022";"Agosto";"Productos_de_cuidado_personal";"Anilina";"1";"4";"µg_kg";"ND";"ND";"ND";"ND";"-";"ND";"ND";"ND";"ND";"ND";"ND";"ND";"ND"
"2022";"Agosto";"Productos_de_cuidado_personal";"Metil_triclosan";"1";"4";"µg_kg";"ND";"ND";"ND";"ND";"-";"ND";"ND";"ND";"ND";"ND";"ND";"ND";"ND"
"2022";"Agosto";"Antibióticos_Sulfamidas";"Sulfapiridina";"0.040260504";"0.134201681";"µg_kg";"ND";"ND";"ND";"ND";"-";"ND";"ND";"ND";"ND";"ND";"ND";"ND";"ND"
"2022";"Agosto";"Antibióticos_Sulfamidas";"Sulfadiazina";"0.127005076";"0.423350254";"µg_kg";"ND";"ND";"ND";"ND";"-";"ND";"ND";"ND";"ND";"ND";"ND";"ND";"ND"
"2022";"Agosto";"Antibióticos_Sulfamidas";"Sulfatiazol";"0.013739558";"0.045798526";"µg_kg";"ND";"ND";"ND";"ND";"-";"ND";"ND";"ND";"ND";"ND";"ND";"ND";"ND"
"2022";"Agosto";"Antibióticos_Sulfamidas";"Sulfamerazina";"0.023156129";"0.077187097";"µg_kg";"ND";"ND";"ND";"ND";"-";"ND";"ND";"ND";"ND";"ND";"ND";"ND";"ND"
"2022";"Agosto";"Antibióticos_Sulfamidas";"Sulfametazina";"0.049032787";"0.163442623";"µg_kg";"ND";"ND";"ND";"ND";"-";"ND";"ND";"ND";"ND";"ND";"ND";"ND";"ND"
"2022";"Agosto";"Antibióticos_Sulfamidas";"Sulfametoxazol";"0.058764706";"0.195882353";"µg_kg";"ND";"ND";"ND";"ND";"-";"ND";"ND";"ND";"ND";"ND";"ND";"ND";"ND"
"2022";"Agosto";"Antibióticos_Sulfamidas";"Sulfadimetoxina";"0.036315789";"0.121052632";"µg_kg";"ND";"ND";"ND";"ND";"-";"ND";"ND";"ND";"ND";"ND";"ND";"ND";"ND"
"2022";"Agosto";"Antibióticos_Sulfamidas";"Sulfaguanidina";"0.127005076";"0.423350254";"µg_kg";"ND";"ND";"ND";"ND";"-";"ND";"ND";"ND";"ND";"ND";"ND";"ND";"ND"
"2022";"Agosto";"Antibióticos_Sulfamidas";"Sulfametoxipiridazina";"0.127005076";"0.423350254";"µg_kg";"ND";"ND";"ND";"ND";"-";"ND";"ND";"ND";"ND";"ND";"ND";"ND";"ND"
"2022";"Agosto";"Abamectinas";"Emamectina";"0.004";"0.01";"µg_kg";"ND";"ND";"ND";"ND";"-";"ND";"ND";"ND";"ND";"ND";"ND";"ND";"ND"
"2022";"Agosto";"Abamectinas";"Abamectina";"0.3";"0.9";"µg_kg";"ND";"ND";"ND";"ND";"-";"ND";"ND";"ND";"ND";"ND";"ND";"ND";"ND"
"2022";"Agosto";"Abamectinas";"Moxidectina";"0.4";"1";"µg_kg";"ND";"ND";"ND";"ND";"-";"ND";"ND";"ND";"ND";"ND";"ND";"ND";"ND"
"2022";"Agosto";"Abamectinas";"Doramectina";"0.5";"2";"µg_kg";"ND";"ND";"ND";"ND";"-";"ND";"ND";"ND";"ND";"ND";"ND";"ND";"ND"
"2022";"Agosto";"Abamectinas";"Ivermectina";"0.5";"2";"µg_kg";"ND";"ND";"ND";"ND";"-";"ND";"ND";"ND";"ND";"ND";"ND";"ND";"ND"
"2022";"Agosto";"Antibióticos";"Enrofloxacina";"0.1";"0.4";"µg_kg";"ND";"ND";"ND";"ND";"-";"ND";"ND";"ND";"ND";"ND";"ND";"ND";"ND"
"2022";"Agosto";"Antibióticos";"Amoxicilina";"2";"7";"µg_kg";"ND";"ND";"ND";"ND";"-";"ND";"ND";"ND";"ND";"ND";"ND";"ND";"ND"
"2022";"Agosto";"Antibióticos";"Cloranfenicol";"0.025";"0.075";"µg_kg";"ND";"ND";"ND";"ND";"-";"ND";"ND";"ND";"ND";"ND";"ND";"ND";"ND"
"2022";"Agosto";"Antibióticos";"Florfenicol";"0.015";"0.05";"µg_kg";"ND";"ND";"ND";"ND";"-";"ND";"ND";"ND";"ND";"ND";"ND";"ND";"ND"
"2022";"Agosto";"Antibióticos";"Claritromicina";"0.01";"0.03";"µg_kg";"ND";"ND";"0.5";"0.5";"-";"ND";"0.45";"ND";"0.5";"0.65";"1.25";"<LC";"ND"
"2022";"Agosto";"Antibióticos";"Ciprofloxacina";"0.1";"0.3";"µg_kg";"ND";"ND";"ND";"ND";"-";"ND";"ND";"ND";"ND";"ND";"ND";"ND";"ND"
"2022";"Agosto";"Antibióticos";"Norfloxacina";"0.2";"0.6";"µg_kg";"ND";"ND";"ND";"ND";"-";"ND";"ND";"ND";"ND";"ND";"ND";"ND";"ND"
"2022";"Agosto";"Antibióticos";"Azitromicina";"0.1";"0.3";"µg_kg";"ND";"ND";"ND";"ND";"-";"ND";"ND";"ND";"ND";"ND";"ND";"ND";"ND"
"2022";"Agosto";"Antibióticos";"Cefalexina";"0.5";"1.5";"µg_kg";"INT";"INT";"INT";"INT";"-";"INT";"INT";"INT";"INT";"INT";"INT";"INT";"INT"
"2022";"Agosto";"Antibióticos";"Eritromicina";"0.15";"0.5";"µg_kg";"ND";"ND";"ND";"ND";"-";"ND";"ND";"ND";"ND";"ND";"ND";"ND";"ND"
"2022";"Agosto";"Fármacos";"Metformina";"0.01";"0.025";"µg_kg";"0.965";"0.19";"1.69";"19.175";"-";"0.555";"10.92";"1.48";"3.66";"8.675";"6.235";"3";"1.395"
"2022";"Agosto";"Fármacos";"Paracetamol";"0.15";"0.45";"µg_kg";"ND";"ND";"ND";"ND";"-";"ND";"ND";"ND";"ND";"ND";"ND";"ND";"ND"
"2022";"Agosto";"Fármacos";"Atenolol";"0.015";"0.05";"µg_kg";"ND";"ND";"ND";"ND";"-";"ND";"ND";"ND";"ND";"ND";"ND";"ND";"ND"
"2022";"Agosto";"Fármacos";"Cafeína";"0.025";"0.085";"µg_kg";"0.6";"0.325";"1.255";"2.485";"-";"1.04";"5.775";"0.75";"5.24";"6.92";"4.59";"1.505";"0.695"
"2022";"Agosto";"Fármacos";"Dipirona";"1.5";"5";"µg_kg";"INT";"INT";"INT";"INT";"-";"INT";"INT";"INT";"INT";"INT";"INT";"INT";"INT"
"2022";"Agosto";"Fármacos";"Carbamazepina";"0.003";"0.01";"µg_kg";"ND";"ND";"ND";"ND";"-";"ND";"ND";"ND";"ND";"ND";"ND";"ND";"ND"
"2022";"Agosto";"Fármacos";"Oxicarbamacepina";"0.01";"0.025";"µg_kg";"ND";"ND";"ND";"ND";"-";"ND";"ND";"ND";"ND";"ND";"ND";"ND";"ND"
"2022";"Agosto";"Fármacos";"Difenhidramina";"0.003";"0.01";"µg_kg";"ND";"ND";"ND";"0.095";"-";"ND";"ND";"ND";"ND";"ND";"0.16";"ND";"ND"
"2022";"Agosto";"Fármacos";"Bromazepam";"0.035";"0.02";"µg_kg";"ND";"ND";"ND";"ND";"-";"ND";"ND";"ND";"ND";"ND";"ND";"ND";"ND"
"2022";"Agosto";"Fármacos";"Enalapril";"0.36";"1.2";"µg_kg";"ND";"ND";"ND";"ND";"-";"ND";"ND";"ND";"ND";"ND";"ND";"ND";"ND"
"2022";"Agosto";"Fármacos";"Sildenafilo";"0.005";"0.015";"µg_kg";"ND";"<LC";"ND";"ND";"-";"<LC";"<LC";"<LC";"<LC";"ND";"<LC";"ND";"<LC"
"2022";"Agosto";"Fármacos";"Clonazepam";"0.03";"0.1";"µg_kg";"ND";"ND";"ND";"ND";"-";"ND";"ND";"ND";"ND";"ND";"ND";"ND";"ND"
"2022";"Agosto";"Fármacos";"Alprazolam";"0.01";"0.03";"µg_kg";"ND";"ND";"ND";"ND";"-";"ND";"ND";"ND";"ND";"ND";"ND";"ND";"ND"
"2022";"Agosto";"Fármacos";"Fluoxetina";"0.01";"0.04";"µg_kg";"ND";"ND";"ND";"ND";"-";"ND";"ND";"ND";"ND";"ND";"ND";"ND";"ND"
"2022";"Agosto";"Fármacos";"Lorazepam";"0.15";"0.5";"µg_kg";"ND";"ND";"ND";"ND";"-";"ND";"ND";"ND";"ND";"ND";"ND";"ND";"ND"
"2022";"Agosto";"Fármacos";"Ibuprofeno";"2";"7";"µg_kg";"ND";"<LC";"ND";"ND";"-";"24.83";"ND";"ND";"ND";"ND";"ND";"ND";"ND"
"2022";"Agosto";"Fármacos";"Diclofenaco";"0.005";"0.02";"µg_kg";"ND";"ND";"ND";"ND";"-";"ND";"ND";"ND";"ND";"ND";"ND";"ND";"ND"
"2022";"Agosto";"Fármacos";"Indometacina";"0.1";"0.3";"µg_kg";"ND";"ND";"ND";"ND";"-";"ND";"ND";"ND";"ND";"ND";"ND";"ND";"ND"
"2022";"Agosto";"Fármacos";"Etinil_estradiol";"0.009";"0.03";"µg_kg";"ND";"ND";"ND";"ND";"-";"ND";"ND";"ND";"ND";"ND";"ND";"ND";"ND"
"2022";"Agosto";"Fármacos";"Estradiol ";"1";"4";"µg_kg";"ND";"ND";"ND";"ND";"-";"ND";"ND";"ND";"ND";"ND";"ND";"ND";"ND"
"2022";"Agosto";"Hidrocarburos aromáticos policíclicos";"Naftaleno";"0.003";"0.01";"µg_kg";"0.215";"0.46";"0.305";"73.235";"-";"11.525";"114.685";"0.11";"ND";"0.045";"ND";"ND";"3.44"
"2022";"Agosto";"Hidrocarburos aromáticos policíclicos";"Acenaftileno";"0.003";"0.01";"µg_kg";"0.1905";"0.4565";"0.0425";"0.5795";"-";"41.895";"16.915";"ND";"0.3785";"ND";"0.6695";"ND";"21.225"
"2022";"Agosto";"Hidrocarburos aromáticos policíclicos";"Acenafteno";"0.003";"0.01";"µg_kg";"ND";"0.735";"ND";"0.197";"-";"1.456";"1.584";"0.084";"ND";"<LC";"0.153";"0.061";"0.823"
"2022";"Agosto";"Hidrocarburos aromáticos policíclicos";"Fluoreno";"0.003";"0.01";"µg_kg";"ND";"ND";"ND";"ND";"-";"ND";"ND";"ND";"ND";"ND";"ND";"ND";"0.3025"
"2022";"Agosto";"Hidrocarburos aromáticos policíclicos";"Fenantreno";"0.003";"0.01";"µg_kg";"0.02";"ND";"ND";"ND";"-";"0.286";"ND";"0.015";"ND";"ND";"ND";"ND";"ND"
"2022";"Agosto";"Hidrocarburos aromáticos policíclicos";"Antraceno";"0.003";"0.01";"µg_kg";"0.0805";"0.086";"ND";"0.0395";"-";"0.0595";"0.2425";"ND";"ND";"ND";"0.017";"ND";"ND"
"2022";"Agosto";"Hidrocarburos aromáticos policíclicos";"Fluoranteno";"0.003";"0.01";"µg_kg";"<LC";"ND";"ND";"ND";"-";"0.022";"ND";"<LC";"ND";"ND";"ND";"ND";"ND"
"2022";"Agosto";"Hidrocarburos aromáticos policíclicos";"Pireno";"0.003";"0.01";"µg_kg";"0.048";"0.039";"<LC";"0.0475";"-";"0.054";"0.1255";"ND";"ND";"ND";"0.07";"ND";"ND"
"2022";"Agosto";"Hidrocarburos aromáticos policíclicos";"Benzo(a)antraceno+criseno";"0.003";"0.01";"µg_kg";"0.074";"0.0865";"ND";"0.08";"-";"0.1855";"0.117";"<LC";"ND";"<LC";"0.0605";"0.0395";"0.1945"
"2022";"Agosto";"Hidrocarburos aromáticos policíclicos";"Benzo(b)fluoranteno";"0.003";"0.01";"µg_kg";"0.0295";"0.151";"0.012";"0.269";"-";"0.272";"0.217";"<LC";"ND";"<LC";"0.1945";"ND";"0.2055"
"2022";"Agosto";"Hidrocarburos aromáticos policíclicos";"Benzo(k)fluoranteno";"0.003";"0.01";"µg_kg";"<LC";"0.025";"<LC";"0.311";"-";"0.0565";"0.0625";"<LC";"ND";"<LC";"0.0245";"0.048";"ND"
"2022";"Agosto";"Hidrocarburos aromáticos policíclicos";"Benzo(a)pireno_+_Dibenzo_(a,h)antraceno";"0.003";"0.01";"µg_kg";"0.046";"0.05";"ND";"0.0695";"-";"0.189";"0.1735";"<LC";"ND";"<LC";"0.0665";"ND";"ND"
"2022";"Agosto";"Hidrocarburos aromáticos policíclicos";"Indeno(1,2,3-c,d)pireno";"0.003";"0.01";"µg_kg";"0.8785";"0.043";"<LC";"1.272";"-";"0.411";"0.064";"ND";"ND";"<LC";"0.0375";"ND";"0.054"
"2022";"Agosto";"Hidrocarburos aromáticos policíclicos";"Benzo(g,h,i)perileno";"0.003";"0.01";"µg_kg";"<LC";"0.0435";"<LC";"0.175";"-";"0.156";"<LC";"ND";"ND";"<LC";"<LC";"ND";"ND"
"2022";"Agosto";"Hidrocarburos aromáticos policíclicos";"HAPs_TOTALES";"0.003";"0.01";"µg_kg";"1.628";"21.755";"0.3535";"10.363";"-";"188.625";"15.747";"0.2105";"0.3785";"0.045";"1.293";"0.1485";"7.142"
"2022";"Agosto";"Compuestos_fenólicos";"2-sec-Butil-4,6-dinitrofenol";"0.02";"0.05";"µg_kg";"ND";"ND";"ND";"ND";"-";"ND";"ND";"ND";"ND";"ND";"ND";"ND";"ND"
"2022";"Agosto";"Compuestos_fenólicos";"4-Cloro-3-metilfenol";"1";"3";"µg_kg";"ND";"ND";"ND";"ND";"-";"ND";"ND";"ND";"ND";"ND";"ND";"ND";"ND"
"2022";"Agosto";"Compuestos_fenólicos";"2-Clorofenol";"1";"3";"µg_kg";"ND";"ND";"ND";"ND";"-";"ND";"ND";"ND";"ND";"ND";"ND";"ND";"ND"
"2022";"Agosto";"Compuestos_fenólicos";"o-metilfenol";"2";"6";"µg_kg";"ND";"ND";"ND";"ND";"-";"ND";"ND";"ND";"ND";"ND";"ND";"ND";"ND"
"2022";"Agosto";"Compuestos_fenólicos";"m-metilfenol";"2";"6";"µg_kg";"ND";"ND";"ND";"ND";"-";"ND";"ND";"ND";"ND";"ND";"ND";"ND";"ND"
"2022";"Agosto";"Compuestos_fenólicos";"p-metilfenol";"2";"6";"µg_kg";"ND";"ND";"ND";"ND";"-";"ND";"ND";"ND";"ND";"ND";"ND";"ND";"ND"
"2022";"Agosto";"Compuestos_fenólicos";"2-Ciclohexil-4,6-dinitrofenol";"0.06";"0.2";"µg_kg";"ND";"ND";"ND";"ND";"-";"ND";"ND";"ND";"ND";"ND";"ND";"ND";"ND"
"2022";"Agosto";"Compuestos_fenólicos";"2,4-Diclorofenol";"1";"3";"µg_kg";"ND";"ND";"ND";"ND";"-";"ND";"ND";"ND";"ND";"ND";"ND";"ND";"ND"
"2022";"Agosto";"Compuestos_fenólicos";"2,6-Diclorofenol";"1";"3";"µg_kg";"ND";"ND";"ND";"ND";"-";"ND";"ND";"ND";"ND";"ND";"ND";"ND";"ND"
"2022";"Agosto";"Compuestos_fenólicos";"2,4-Dimetilfenol";"0.2";"3";"µg_kg";"ND";"ND";"ND";"ND";"-";"ND";"ND";"ND";"ND";"ND";"ND";"ND";"ND"
"2022";"Agosto";"Compuestos_fenólicos";"2,4-Dinitrofenol";"0.06";"0.2";"µg_kg";"ND";"ND";"ND";"ND";"-";"ND";"ND";"ND";"ND";"ND";"ND";"ND";"ND"
"2022";"Agosto";"Compuestos_fenólicos";"2-Metil-4,6-dinitrofenol";"0.06";"0.2";"µg_kg";"ND";"ND";"ND";"ND";"-";"ND";"ND";"ND";"ND";"ND";"ND";"ND";"ND"
"2022";"Agosto";"Compuestos_fenólicos";"2-Nitrofenol";"0.06";"0.2";"µg_kg";"ND";"ND";"ND";"ND";"-";"ND";"ND";"ND";"ND";"ND";"ND";"ND";"ND"
"2022";"Agosto";"Compuestos_fenólicos";"4-Nitrofenol";"0.06";"0.2";"µg_kg";"ND";"ND";"ND";"ND";"-";"ND";"ND";"ND";"ND";"ND";"ND";"ND";"ND"
"2022";"Agosto";"Compuestos_fenólicos";"Pentaclorofenol";"0.06";"0.2";"µg_kg";"ND";"ND";"ND";"ND";"-";"ND";"ND";"ND";"ND";"ND";"ND";"ND";"ND"
"2022";"Agosto";"Compuestos_fenólicos";"Fenol";"2";"6";"µg_kg";"ND";"ND";"ND";"ND";"-";"ND";"ND";"ND";"ND";"ND";"ND";"ND";"ND"
"2022";"Agosto";"Compuestos_fenólicos";"Tetraclorofenol";"0.2";"0.6";"µg_kg";"ND";"ND";"ND";"ND";"-";"ND";"ND";"ND";"ND";"ND";"ND";"ND";"ND"
"2022";"Agosto";"Compuestos_fenólicos";"Triclorofenol_(isómeros)";"0.02";"0.06";"µg_kg";"ND";"ND";"ND";"ND";"-";"ND";"ND";"ND";"ND";"ND";"ND";"ND";"ND"
"2022";"Agosto";"Compuestos_fenólicos";"2,4,6-Triclorofenol";"0.06";"0.2";"µg_kg";"ND";"ND";"ND";"ND";"-";"ND";"ND";"ND";"ND";"ND";"ND";"ND";"ND"
"2022";"Agosto";"Compuestos_fenólicos";"Nonilfenol";"0.005";"0.02";"µg_kg";"0.185";"0.955";"5.19";"622.385";"-";"491.62";"47.55";"71.045";"15.765";"23.54";"57.87";"1.57";"0.46"
"2022";"Agosto";"Organoclorados_persistentes";"Alfa_HCH";"0.07";"0.2";"µg_kg";"<LC";"ND";"ND";"<LC";"-";"28.549";"ND";"ND";"ND";"<LC";"ND";"ND";"ND"
"2022";"Agosto";"Organoclorados_persistentes";"Beta_HCH";"0.07";"0.2";"µg_kg";"ND";"ND";"ND";"<LC";"-";"20.924";"ND";"ND";"ND";"ND";"ND";"ND";"ND"
"2022";"Agosto";"Organoclorados_persistentes";"Gama_HCH";"0.07";"0.2";"µg_kg";"ND";"ND";"ND";"ND";"-";"0.505";"ND";"ND";"ND";"ND";"ND";"ND";"ND"
"2022";"Agosto";"Organoclorados_persistentes";"Heptacloro";"0.2";"0.7";"µg_kg";"ND";"ND";"ND";"ND";"-";"ND";"ND";"ND";"ND";"ND";"ND";"ND";"ND"
"2022";"Agosto";"Organoclorados_persistentes";"Aldrin";"0.1";"0.4";"µg_kg";"ND";"ND";"ND";"ND";"-";"ND";"ND";"ND";"ND";"ND";"ND";"ND";"ND"
"2022";"Agosto";"Organoclorados_persistentes";"Heptacloro_epóxido";"0.2";"0.7";"µg_kg";"ND";"ND";"ND";"ND";"-";"0.799";"ND";"ND";"ND";"ND";"ND";"ND";"ND"
"2022";"Agosto";"Organoclorados_persistentes";"Gama_clordano";"0.07";"0.2";"µg_kg";"ND";"ND";"<LC";"<LC";"-";"0.7095";"<LC";"ND";"ND";"ND";"<LC";"ND";"ND"
"2022";"Agosto";"Organoclorados_persistentes";"Alfa_endosulfan";"0.15";"0.5";"µg_kg";"ND";"ND";"ND";"<LC";"-";"83.545";"<LC";"ND";"<LC";"ND";"ND";"ND";"ND"
"2022";"Agosto";"Organoclorados_persistentes";"Alfa_clordano";"0.07";"0.2";"µg_kg";"ND";"ND";"ND";"ND";"-";"0.244";"ND";"ND";"ND";"ND";"ND";"ND";"ND"
"2022";"Agosto";"Organoclorados_persistentes";"Dieldrin";"0.3";"1";"µg_kg";"ND";"ND";"ND";"ND";"-";"5.066";"ND";"ND";"ND";"ND";"ND";"ND";"ND"
"2022";"Agosto";"Organoclorados_persistentes";"DDE";"0.03";"0.1";"µg_kg";"0.6705";"<LC";"<LC";"0.4595";"-";"39.635";"0.6525";"<LC";"<LC";"ND";"<LC";"ND";"ND"
"2022";"Agosto";"Organoclorados_persistentes";"Endrin";"0.7";"2";"µg_kg";"<LC";"ND";"ND";"ND";"-";"<LC";"ND";"ND";"ND";"ND";"<LC";"ND";"ND"
"2022";"Agosto";"Organoclorados_persistentes";"Beta_endosulfan";"0.04";"0.15";"µg_kg";"ND";"ND";"ND";"ND";"-";"ND";"ND";"ND";"ND";"ND";"ND";"ND";"ND"
"2022";"Agosto";"Organoclorados_persistentes";"DDD";"0.09";"0.3";"µg_kg";"<LC";"ND";"ND";"0.3685";"-";"1.677";"<LC";"ND";"ND";"ND";"ND";"ND";"ND"
"2022";"Agosto";"Organoclorados_persistentes";"Endosulfán_sulfato";"0.01";"0.02";"µg_kg";"ND";"ND";"ND";"ND";"-";"ND";"ND";"ND";"ND";"ND";"ND";"<LC";"ND"
"2022";"Agosto";"Organoclorados_persistentes";"DDT";"0.07";"0.2";"µg_kg";"<LC";"ND";"<LC";"ND";"-";"ND";"<LC";"ND";"ND";"ND";"ND";"ND";"ND"
"2022";"Agosto";"Organoclorados_persistentes";"Metoxicloro";"0.2";"0.8";"µg_kg";"<LC";"ND";"<LC";"ND";"-";"1.918";"<LC";"ND";"ND";"ND";"ND";"ND";"ND"
"2022";"Agosto";"Organoclorados_persistentes";"Endrin_cetona";"0.7";"2";"µg_kg";"ND";"ND";"ND";"ND";"-";"ND";"ND";"ND";"ND";"ND";"ND";"ND";"ND"
"2022";"Agosto";"Organoclorados_persistentes";"Dicofol";"0.2";"0.6";"µg_kg";"INT";"INT";"INT";"INT";"-";"INT";"INT";"INT";"INT";"INT";"INT";"INT";"INT"
"2022";"Agosto";"Metales_y_no_metales";"Aluminio";"12";"39";"µg_g";"9885.5";"7567";"2805.5";"3006";"-";"12898";"3583.5";"4208.5";"5227";"3996";"3737";"3895";"3853"
"2022";"Agosto";"Metales_y_no_metales";"Cromo";"0.2";"0.7";"µg_g";"22.31";"10.71";"6.35";"7.975";"-";"28.71";"8.865";"13.065";"10.36";"8";"7.045";"5.26";"4.1"
"2022";"Agosto";"Metales_y_no_metales";"Manganeso";"0.05";"0.2";"µg_g";"812.85";"303.6";"201.1";"82.5";"-";"170.65";"122.9";"85.6";"107.2";"80.15";"151.85";"95.15";"153.8"
"2022";"Agosto";"Metales_y_no_metales";"Hierro";"4";"15";"µg_g";"16837";"12316";"6246";"4966.5";"-";"15531.5";"8449";"7159";"7911";"6574.5";"6476.5";"6681";"7597"
"2022";"Agosto";"Metales_y_no_metales";"Cobalto";"0.003";"0.01";"µg_g";"8.208";"6.583";"32.405";"3.284";"-";"58.275";"31.545";"4.418";"39.715";"36.365";"3.391";"3.214";"31.645"
"2022";"Agosto";"Metales_y_no_metales";"Níquel";"0.2";"0.5";"µg_g";"110.765";"8.786";"29.945";"41.535";"-";"134.965";"39.575";"4.462";"47.895";"3.41";"35.865";"3.006";"28.105"
"2022";"Agosto";"Metales_y_no_metales";"Cobre";"0.06";"0.2";"µg_g";"14.22";"9.273";"7.524";"13.042";"-";"52.611";"7.304";"47.475";"50.755";"58.485";"8.369";"20.805";"19.445"
"2022";"Agosto";"Metales_y_no_metales";"Zinc";"0.6";"2";"µg_g";"41.525";"25.815";"24.02";"35.915";"-";"139.03";"31.465";"48.565";"40.34";"34.63";"29.335";"20.845";"13.32"
"2022";"Agosto";"Metales_y_no_metales";"Arsénico";"0.003";"0.009";"µg_g";"4.977";"22.235";"1.596";"1.542";"-";"50.905";"2.613";"15.165";"18.205";"1.393";"15.535";"1.324";"1.567"
"2022";"Agosto";"Metales_y_no_metales";"Plata";"0.1";"0.3";"µg_g";"<LC";"ND";"ND";"ND";"-";"101.705";"ND";"ND";"<LC";"ND";"ND";"ND";"ND"
"2022";"Agosto";"Metales_y_no_metales";"Cadmio";"0.001";"0.004";"µg_g";"0.3066";"0.0957";"0.06815";"0.13205";"-";"0.4548";"0.07395";"0.1951";"0.18225";"0.14255";"0.1071";"0.0697";"0.0325"
"2022";"Agosto";"Metales_y_no_metales";"Estaño";"0.4";"1";"µg_g";"ND";"ND";"ND";"ND";"-";"ND";"<LC";"ND";"ND";"<LC";"ND";"<LC";"ND"
"2022";"Agosto";"Metales_y_no_metales";"Mercurio";"4";"0.01";"µg_g";"0.448";"0.268";"0.232";"0.142";"-";"0.544";"0.150";"0.151";"0.173";"0.148";"0.122";"0.109";"0.104"
"2022";"Agosto";"Compuestos_orgánicos";"cloroformo";"3";"10";"µg_kg";"ND";"ND";"ND";"ND";"-";"ND";"ND";"ND";"ND";"ND";"ND";"ND";"ND"
"2022";"Agosto";"Metales_y_no_metales";"Plomo";"0.01";"0.04";"µg_g";"24.999";"149.335";"162.365";"64.434";"-";"68.09";"44.615";"148.635";"136.605";"12.057";"13.452";"107.155";"8.325"
"2022";"Agosto";"Metales_y_no_metales";"Uranio";"0.0004";"0.001";"µg_g";"2.567";"1.553";"0.365";"0.323";"-";"3.595";"0.4675";"0.3695";"0.406";"0.265";"0.445";"0.267";"0.294"
"2022";"Agosto";"Bifenilos_policlorados";"Congener_8";"0.148";"0.5";"µg_kg";"ND";"ND";"ND";"ND";"-";"ND";"ND";"ND";"ND";"ND";"ND";"ND";"ND"
"2022";"Agosto";"Bifenilos_policlorados";"Congener_18";"0.148";"0.5";"µg_kg";"<LC";"ND";"ND";"<LC";"-";"15.205";"<LC";"ND";"ND";"ND";"ND";"ND";"ND"
"2022";"Agosto";"Bifenilos_policlorados";"Congener_31+28";"0.148";"0.5";"µg_kg";"<LC";"ND";"ND";"<LC";"-";"18.387";"<LC";"ND";"ND";"ND";"ND";"ND";"ND"
"2022";"Agosto";"Bifenilos_policlorados";"Congener_33";"0.148";"0.5";"µg_kg";"ND";"ND";"ND";"ND";"-";"ND";"ND";"ND";"ND";"ND";"ND";"ND";"ND"
"2022";"Agosto";"Bifenilos_policlorados";"Congener_44";"0.148";"0.5";"µg_kg";"1.475";"ND";"0.847";"0.950";"-";"8.842";"0.968";"<LC";"0.530";"0.698";"1.047";"0.663";"0.739"
"2022";"Agosto";"Bifenilos_policlorados";"Congener_49";"0.148";"0.5";"µg_kg";"<LC";"ND";"ND";"ND";"-";"44.665";"<LC";"ND";"ND";"ND";"ND";"ND";"ND"
"2022";"Agosto";"Bifenilos_policlorados";"Congener_52";"0.05";"0.2";"µg_kg";"<LC";"ND";"<LC";"0.4525";"-";"89.685";"<LC";"<LC";"ND";"<LC";"<LC";"<LC";"ND"
"2022";"Agosto";"Bifenilos_policlorados";"Congener_56_+_60";"0.05";"0.2";"µg_kg";"ND";"ND";"ND";"<LC";"-";"13.835";"<LC";"ND";"ND";"ND";"ND";"ND";"ND"
"2022";"Agosto";"Bifenilos_policlorados";"Congener_66";"0.1";"0.403";"µg_kg";"ND";"ND";"ND";"ND";"-";"ND";"ND";"ND";"ND";"ND";"ND";"ND";"ND"
"2022";"Agosto";"Bifenilos_policlorados";"Congener_70";"0.121";"0.403";"µg_kg";"ND";"ND";"ND";"ND";"-";"ND";"ND";"ND";"ND";"ND";"ND";"ND";"ND"
"2022";"Agosto";"Bifenilos_policlorados";"Congener_74";"0.121";"0.403";"µg_kg";"1.248";"ND";"ND";"ND";"-";"ND";"<LC";"ND";"ND";"ND";"ND";"ND";"ND"
"2022";"Agosto";"Bifenilos_policlorados";"Congener_87";"0.067";"0.2";"µg_kg";"0.6755";"<LC";"ND";"<LC";"-";"4.954";"<LC";"ND";"ND";"ND";"ND";"ND";"ND"
"2022";"Agosto";"Bifenilos_policlorados";"Congener_95";"0.03";"0.098";"µg_kg";"<LC";"ND";"<LC";"0.2435";"-";"68.355";"0.2765";"<LC";"ND";"ND";"ND";"ND";"ND"
"2022";"Agosto";"Bifenilos_policlorados";"Congener_97";"0.03";"0.098";"µg_kg";"<LC";"ND";"ND";"0.3075";"-";"67.195";"0.642";"<LC";"<LC";"ND";"<LC";"ND";"ND"
"2022";"Agosto";"Bifenilos_policlorados";"Congener_99";"0.03";"0.098";"µg_kg";"ND";"0.1565";"ND";"<LC";"-";"35.065";"<LC";"ND";"ND";"ND";"<LC";"<LC";"ND"
"2022";"Agosto";"Bifenilos_policlorados";"Congener_101";"0.188";"0.6";"µg_kg";"ND";"ND";"ND";"ND";"-";"ND";"ND";"ND";"ND";"ND";"ND";"ND";"ND"
"2022";"Agosto";"Bifenilos_policlorados";"Congener_105";"0.188";"0.6";"µg_kg";"<LC";"<LC";"1.096";"<LC";"-";"3.588";"<LC";"<LC";"<LC";"0.9235";"2.458";"<LC";"<LC"
"2022";"Agosto";"Bifenilos_policlorados";"Congener_110";"0.184";"0.6";"µg_kg";"ND";"ND";"ND";"<LC";"-";"92.815";"<LC";"ND";"ND";"ND";"ND";"ND";"ND"
"2022";"Agosto";"Bifenilos_policlorados";"Congener_118";"0.184";"0.6";"µg_kg";"ND";"ND";"ND";"<LC";"-";"10.446";"<LC";"ND";"ND";"ND";"ND";"ND";"ND"
"2022";"Agosto";"Bifenilos_policlorados";"Congener_128";"0.184";"0.6";"µg_kg";"<LC";"<LC";"ND";"<LC";"-";"20.053";"ND";"ND";"ND";"ND";"ND";"ND";"ND"
"2022";"Agosto";"Bifenilos_policlorados";"Congener_138";"0.177";"0.6";"µg_kg";"<LC";"ND";"<LC";"0.9455";"-";"26.088";"<LC";"ND";"ND";"ND";"ND";"ND";"ND"
"2022";"Agosto";"Bifenilos_policlorados";"Congener_141";"0.15";"0.45";"µg_kg";"0.4965";"ND";"ND";"ND";"-";"7.169";"<LC";"ND";"ND";"ND";"ND";"ND";"ND"
"2022";"Agosto";"Bifenilos_policlorados";"Congener_149";"0.15";"0.45";"µg_kg";"<LC";"ND";"<LC";"<LC";"-";"9.748";"<LC";"ND";"ND";"ND";"ND";"ND";"ND"
"2022";"Agosto";"Bifenilos_policlorados";"Congener_151";"0.07";"0.2";"µg_kg";"<LC";"<LC";"<LC";"<LC";"-";"15.345";"<LC";"<LC";"<LC";"<LC";"ND";"<LC";"<LC"
"2022";"Agosto";"Bifenilos_policlorados";"Congener_153";"0.07";"0.2";"µg_kg";"ND";"<LC";"12.975";"11.745";"-";"18.563";"17.865";"0.6765";"0.5515";"0.5295";"21.145";"0.664";"0.402"
"2022";"Agosto";"Bifenilos_policlorados";"Congener_156";"0.07";"0.2";"µg_kg";"<LC";"ND";"ND";"<LC";"-";"14.145";"<LC";"ND";"ND";"ND";"ND";"ND";"ND"
"2022";"Agosto";"Bifenilos_policlorados";"Congener_158";"0.07";"0.2";"µg_kg";"<LC";"ND";"ND";"<LC";"-";"51.625";"ND";"ND";"ND";"ND";"ND";"ND";"ND"
"2022";"Agosto";"Bifenilos_policlorados";"Congener_170";"0.126";"0.42";"µg_kg";"<LC";"ND";"ND";"ND";"-";"ND";"ND";"ND";"ND";"ND";"ND";"ND";"ND"
"2022";"Agosto";"Bifenilos_policlorados";"Congener_174";"0.126";"0.42";"µg_kg";"<LC";"<LC";"<LC";"<LC";"-";"92.965";"ND";"ND";"ND";"ND";"<LC";"ND";"ND"
"2022";"Agosto";"Bifenilos_policlorados";"Congener_177";"0.126";"0.42";"µg_kg";"ND";"ND";"ND";"ND";"-";"1.379";"<LC";"ND";"ND";"ND";"ND";"ND";"ND"
"2022";"Agosto";"Bifenilos_policlorados";"Congener_180";"0.126";"0.42";"µg_kg";"ND";"ND";"<LC";"<LC";"-";"50.955";"<LC";"ND";"ND";"ND";"ND";"ND";"ND"
"2022";"Agosto";"Bifenilos_policlorados";"Congener_183";"0.126";"0.42";"µg_kg";"<LC";"<LC";"<LC";"<LC";"-";"223.475";"<LC";"ND";"ND";"ND";"ND";"ND";"ND"
"2022";"Agosto";"Bifenilos_policlorados";"Congener_187";"0.126";"0.42";"µg_kg";"<LC";"ND";"ND";"ND";"-";"3.817";"ND";"ND";"ND";"ND";"ND";"ND";"ND"
"2022";"Agosto";"Bifenilos_policlorados";"Congener_194";"0.093";"0.3";"µg_kg";"ND";"ND";"ND";"<LC";"-";"0.695";"<LC";"<LC";"ND";"ND";"ND";"ND";"ND"
"2022";"Agosto";"Bifenilos_policlorados";"Congener_195";"0.093";"0.3";"µg_kg";"<LC";"ND";"ND";"<LC";"-";"1.876";"ND";"ND";"ND";"<LC";"<LC";"ND";"ND"
"2022";"Agosto";"Bifenilos_policlorados";"Congener_199";"0.093";"0.3";"µg_kg";"ND";"ND";"<LC";"<LC";"-";"2.286";"ND";"0.5855";"<LC";"ND";"ND";"ND";"ND"
"2022";"Agosto";"Bifenilos_policlorados";"Congener_203";"0.093";"0.3";"µg_kg";"<LC";"<LC";"<LC";"<LC";"-";"3.898";"<LC";"<LC";"ND";"ND";"<LC";"ND";"ND"
"2022";"Agosto";"Bifenilos_policlorados";"Congener_206";"0.093";"0.3";"µg_kg";"<LC";"<LC";"<LC";"<LC";"-";"0.835";"<LC";"ND";"ND";"<LC";"<LC";"ND";"ND"
"2022";"Agosto";"Bifenilos_policlorados";"Congener_209";"0.093";"0.3";"µg_kg";"<LC";"<LC";"<LC";"<LC";"-";"3.583";"<LC";"ND";"ND";"<LC";"<LC";"<LC";"<LC"
"2022";"Agosto";"Compuestos_orgánicos";"Acetona";"5";"15";"µg_kg";"ND";"ND";"ND";"ND";"-";"ND";"ND";"ND";"ND";"ND";"ND";"ND";"ND"
"2022";"Agosto";"Compuestos_orgánicos";"Acetonitrilo";"5";"15";"µg_kg";"ND";"ND";"ND";"ND";"-";"ND";"ND";"ND";"ND";"ND";"ND";"ND";"ND"
"2022";"Agosto";"Compuestos_orgánicos";"Acroleína_(Propenal)";"3";"10";"µg_kg";"ND";"ND";"ND";"ND";"-";"ND";"ND";"ND";"ND";"ND";"ND";"ND";"ND"
"2022";"Agosto";"Compuestos_orgánicos";"Benceno";"3";"10";"µg_kg";"ND";"ND";"ND";"ND";"-";"ND";"ND";"ND";"ND";"ND";"ND";"ND";"ND"
"2022";"Agosto";"Compuestos_orgánicos";"Cloruro_de_Bencilo";"3";"10";"µg_kg";"ND";"ND";"ND";"ND";"-";"ND";"ND";"ND";"ND";"ND";"ND";"ND";"ND"
"2022";"Agosto";"Compuestos_orgánicos";"Bromobenceno";"3";"10";"µg_kg";"ND";"ND";"ND";"ND";"-";"ND";"ND";"ND";"ND";"ND";"ND";"ND";"ND"
"2022";"Agosto";"Compuestos_orgánicos";"Bromoclorometano";"3";"10";"µg_kg";"ND";"ND";"ND";"ND";"-";"ND";"ND";"ND";"ND";"ND";"ND";"ND";"ND"
"2022";"Agosto";"Compuestos_orgánicos";"Bromoformo_";"3";"10";"µg_kg";"ND";"ND";"ND";"ND";"-";"ND";"ND";"ND";"ND";"ND";"ND";"ND";"ND"
"2022";"Agosto";"Compuestos_orgánicos";"Bromometano";"3";"10";"µg_kg";"ND";"ND";"ND";"ND";"-";"ND";"ND";"ND";"ND";"ND";"ND";"ND";"ND"
"2022";"Agosto";"Compuestos_orgánicos";"n-Butanol";"3";"10";"µg_kg";"ND";"ND";"ND";"ND";"-";"ND";"ND";"ND";"ND";"ND";"ND";"ND";"ND"
"2022";"Agosto";"Compuestos_orgánicos";"2-Butanona_(MEK)_";"5";"15";"µg_kg";"ND";"ND";"ND";"ND";"-";"ND";"ND";"ND";"ND";"ND";"ND";"ND";"ND"
"2022";"Agosto";"Compuestos_orgánicos";"t-Butil_alcohol";"3";"10";"µg_kg";"ND";"ND";"ND";"ND";"-";"ND";"ND";"ND";"ND";"ND";"ND";"ND";"ND"
"2022";"Agosto";"Compuestos_orgánicos";"Tetracloruro_de_Carbono";"3";"10";"µg_kg";"ND";"ND";"ND";"ND";"-";"ND";"ND";"ND";"ND";"ND";"ND";"ND";"ND"
"2022";"Agosto";"Compuestos_orgánicos";"clorobenceno_";"3";"10";"µg_kg";"ND";"ND";"ND";"ND";"-";"ND";"ND";"ND";"ND";"ND";"ND";"ND";"ND"
"2022";"Agosto";"Compuestos_orgánicos";"1-clorobutano_";"3";"10";"µg_kg";"ND";"ND";"ND";"ND";"-";"ND";"ND";"ND";"ND";"ND";"ND";"ND";"ND"
"2022";"Agosto";"Compuestos_orgánicos";"cloroetano_";"3";"10";"µg_kg";"ND";"ND";"ND";"ND";"-";"ND";"ND";"ND";"ND";"ND";"ND";"ND";"ND"
"2022";"Agosto";"Compuestos_orgánicos";"2-cloroetanol_";"5";"15";"µg_kg";"ND";"ND";"ND";"ND";"-";"ND";"ND";"ND";"ND";"ND";"ND";"ND";"ND"
"2022";"Agosto";"Compuestos_orgánicos";"1-clorohexano";"3";"10";"µg_kg";"ND";"ND";"ND";"ND";"-";"ND";"ND";"ND";"ND";"ND";"ND";"ND";"ND"
"2022";"Agosto";"Compuestos_orgánicos";"clorometano_";"3";"10";"µg_kg";"ND";"ND";"ND";"ND";"-";"ND";"ND";"ND";"ND";"ND";"ND";"ND";"ND"
"2022";"Agosto";"Compuestos_orgánicos";"2-clorotolueno_";"3";"10";"µg_kg";"ND";"ND";"ND";"ND";"-";"ND";"ND";"ND";"ND";"ND";"ND";"ND";"ND"
"2022";"Agosto";"Compuestos_orgánicos";"4-clorotolueno_";"3";"10";"µg_kg";"ND";"ND";"ND";"ND";"-";"ND";"ND";"ND";"ND";"ND";"ND";"ND";"ND"
"2022";"Agosto";"Compuestos_orgánicos";"1,2-Diclorobenceno_";"3";"10";"µg_kg";"ND";"ND";"ND";"ND";"-";"ND";"ND";"ND";"ND";"ND";"ND";"ND";"ND"
"2022";"Agosto";"Compuestos_orgánicos";"1,3-Diclorobenceno_";"3";"10";"µg_kg";"ND";"ND";"ND";"ND";"-";"ND";"ND";"ND";"ND";"ND";"ND";"ND";"ND"
"2022";"Agosto";"Compuestos_orgánicos";"1,4-Diclorobenceno_";"3";"10";"µg_kg";"ND";"ND";"ND";"ND";"-";"ND";"ND";"ND";"ND";"ND";"ND";"ND";"ND"
"2022";"Agosto";"Compuestos_orgánicos";"1,3-Dicloropropano";"3";"10";"µg_kg";"ND";"ND";"ND";"ND";"-";"ND";"ND";"ND";"ND";"ND";"ND";"ND";"ND"
"2022";"Agosto";"Compuestos_orgánicos";"1,2-Dicloropropano_";"3";"10";"µg_kg";"ND";"ND";"ND";"ND";"-";"ND";"ND";"ND";"ND";"ND";"ND";"ND";"ND"
"2022";"Agosto";"Compuestos_orgánicos";"2,2-Dicloropropano_";"3";"10";"µg_kg";"ND";"ND";"ND";"ND";"-";"ND";"ND";"ND";"ND";"ND";"ND";"ND";"ND"
"2022";"Agosto";"Compuestos_orgánicos";"1,4-Dioxano_";"5";"15";"µg_kg";"ND";"ND";"ND";"ND";"-";"ND";"ND";"ND";"ND";"ND";"ND";"ND";"ND"
"2022";"Agosto";"Compuestos_orgánicos";"Acetato_de_Etilo";"5";"15";"µg_kg";"ND";"ND";"ND";"ND";"-";"ND";"ND";"ND";"ND";"ND";"ND";"ND";"ND"
"2022";"Agosto";"Compuestos_orgánicos";"Etil_benceno_";"3";"10";"µg_kg";"ND";"ND";"ND";"ND";"-";"ND";"ND";"ND";"ND";"ND";"ND";"ND";"ND"
"2022";"Agosto";"Compuestos_orgánicos";"2-Hexanona_";"3";"10";"µg_kg";"ND";"ND";"ND";"ND";"-";"ND";"ND";"ND";"ND";"ND";"ND";"ND";"ND"
"2022";"Agosto";"Compuestos_orgánicos";"Isobutil_alcohol_";"5";"15";"µg_kg";"ND";"ND";"ND";"ND";"-";"ND";"ND";"ND";"ND";"ND";"ND";"ND";"ND"
"2022";"Agosto";"Compuestos_orgánicos";"Metil_tert-butil_eter_(MTBE)";"5";"15";"µg_kg";"ND";"ND";"ND";"ND";"-";"ND";"ND";"ND";"ND";"ND";"ND";"ND";"ND"
"2022";"Agosto";"Compuestos_orgánicos";"Metilciclohexano_";"3";"10";"µg_kg";"ND";"ND";"ND";"ND";"-";"ND";"ND";"ND";"ND";"ND";"ND";"ND";"ND"
"2022";"Agosto";"Compuestos_orgánicos";"Diclorometano";"5";"15";"µg_kg";"ND";"ND";"ND";"ND";"-";"ND";"ND";"ND";"ND";"ND";"ND";"ND";"ND"
"2022";"Agosto";"Compuestos_orgánicos";"4-Metil-2-pentanona_(MIBK)";"3";"10";"µg_kg";"ND";"ND";"ND";"ND";"-";"ND";"ND";"ND";"ND";"ND";"ND";"ND";"ND"
"2022";"Agosto";"Compuestos_orgánicos";"Nitrobenceno_(NB)";"3";"10";"µg_kg";"ND";"ND";"ND";"ND";"-";"ND";"ND";"ND";"ND";"ND";"ND";"ND";"ND"
"2022";"Agosto";"Compuestos_orgánicos";"Piridina";"5";"15";"µg_kg";"ND";"ND";"ND";"ND";"-";"ND";"ND";"ND";"ND";"ND";"ND";"ND";"ND"
"2022";"Agosto";"Compuestos_orgánicos";"Estireno";"3";"10";"µg_kg";"ND";"ND";"ND";"ND";"-";"ND";"ND";"ND";"ND";"ND";"ND";"ND";"ND"
"2022";"Agosto";"Compuestos_orgánicos";"1,1,1,2-Tetracloroetano";"3";"10";"µg_kg";"ND";"ND";"ND";"ND";"-";"ND";"ND";"ND";"ND";"ND";"ND";"ND";"ND"
"2022";"Agosto";"Compuestos_orgánicos";"1,1,2,2-Tetracloroetano";"3";"10";"µg_kg";"ND";"ND";"ND";"ND";"-";"ND";"ND";"ND";"ND";"ND";"ND";"ND";"ND"
"2022";"Agosto";"Compuestos_orgánicos";"Tetracloroeteno";"3";"10";"µg_kg";"ND";"ND";"ND";"ND";"-";"ND";"ND";"ND";"ND";"ND";"ND";"ND";"ND"
"2022";"Agosto";"Compuestos_orgánicos";"Tolueno";"3";"10";"µg_kg";"ND";"ND";"ND";"ND";"-";"ND";"ND";"ND";"ND";"ND";"ND";"ND";"ND"
"2022";"Agosto";"Compuestos_orgánicos";"1,2,3-Triclorobenceno";"3";"10";"µg_kg";"ND";"ND";"ND";"ND";"-";"ND";"ND";"ND";"ND";"ND";"ND";"ND";"ND"
"2022";"Agosto";"Compuestos_orgánicos";"1,2,4-Triclorobenceno";"3";"10";"µg_kg";"ND";"ND";"ND";"ND";"-";"ND";"ND";"ND";"ND";"ND";"ND";"ND";"ND"
"2022";"Agosto";"Compuestos_orgánicos";"1,1,1-Tricloroetano";"3";"10";"µg_kg";"ND";"ND";"ND";"ND";"-";"ND";"ND";"ND";"ND";"ND";"ND";"ND";"ND"
"2022";"Agosto";"Compuestos_orgánicos";"1,1,2-Tricloroetano";"3";"10";"µg_kg";"ND";"ND";"ND";"ND";"-";"ND";"ND";"ND";"ND";"ND";"ND";"ND";"ND"
"2022";"Agosto";"Compuestos_orgánicos";"1,2,3-Trimetilbenceno_";"3";"10";"µg_kg";"ND";"ND";"ND";"ND";"-";"ND";"ND";"ND";"ND";"ND";"ND";"ND";"ND"
"2022";"Agosto";"Compuestos_orgánicos";"1,2,4-Trimetilbenceno_";"3";"10";"µg_kg";"ND";"ND";"ND";"ND";"-";"ND";"ND";"ND";"ND";"ND";"ND";"ND";"ND"
"2022";"Agosto";"Compuestos_orgánicos";"1,3,5-Trimetilbenceno_";"3";"10";"µg_kg";"ND";"ND";"ND";"ND";"-";"ND";"ND";"ND";"ND";"ND";"ND";"ND";"ND"
"2022";"Agosto";"Compuestos_orgánicos";"Cloruro_de_Vinilo";"5";"15";"µg_kg";"ND";"ND";"ND";"ND";"-";"ND";"ND";"ND";"ND";"ND";"ND";"ND";"ND"
"2022";"Agosto";"Compuestos_orgánicos";"m-xileno";"3";"10";"µg_kg";"ND";"ND";"ND";"ND";"-";"ND";"ND";"ND";"ND";"ND";"ND";"ND";"ND"
"2022";"Agosto";"Compuestos_orgánicos";"o-xileno_";"3";"10";"µg_kg";"ND";"ND";"ND";"ND";"-";"ND";"ND";"ND";"ND";"ND";"ND";"ND";"ND"
"2022";"Agosto";"Compuestos_orgánicos";"p-xileno_";"3";"10";"µg_kg";"ND";"ND";"ND";"ND";"-";"ND";"ND";"ND";"ND";"ND";"ND";"ND";"ND"
"2022";"Agosto";"Bifenilos_polibromados";"Congener_28";"1.5";"5";"µg_kg";"ND";"ND";"ND";"ND";"-";"ND";"ND";"ND";"ND";"ND";"ND";"ND";"ND"
"2022";"Agosto";"Bifenilos_polibromados";"Congener_47";"1.5";"5";"µg_kg";"ND";"ND";"ND";"ND";"-";"ND";"ND";"ND";"ND";"ND";"ND";"ND";"ND"
"2022";"Agosto";"Bifenilos_polibromados";"Congener_66";"1.5";"5";"µg_kg";"ND";"ND";"ND";"ND";"-";"2.012";"ND";"ND";"ND";"ND";"ND";"ND";"ND"
"2022";"Agosto";"Bifenilos_polibromados";"Congener_100";"1.5";"5";"µg_kg";"ND";"ND";"ND";"ND";"-";"ND";"ND";"ND";"ND";"ND";"ND";"ND";"ND"
"2022";"Agosto";"Bifenilos_polibromados";"Congener_99";"1.5";"5";"µg_kg";"ND";"ND";"ND";"ND";"-";"<LC";"ND";"ND";"ND";"ND";"ND";"ND";"ND"
"2022";"Agosto";"Bifenilos_polibromados";"Congener_153";"1.5";"5";"µg_kg";"<LC";"ND";"ND";"ND";"-";"ND";"ND";"ND";"1.747";"ND";"ND";"ND";"ND"
"2022";"Agosto";"Bifenilos_polibromados";"Congener_183";"1.5";"5";"µg_kg";"<LC";"<LC";"ND";"ND";"-";"ND";"<LC";"ND";"ND";"ND";"ND";"ND";"ND"
"2023";"Febrero";"Parámetros_generales";"Granulometría_Arena";"-";"-";"%";"9.746";"-";"93.846";"97.302";"242.355";"27.002";"100";"98.326";"99.374";"100";"88.385";"999.475";"100"
"2023";"Febrero";"Parámetros_generales";"Granulometría_Limo";"-";"-";"%";"10.474";"-";"4.85";"0.9215";"8.604";"73.195";"0";"1.673";"11.845";"0";"10.566";"0.0525";"0"
"2023";"Febrero";"Parámetros_generales";"Granulometría_Arcilla";"-";"-";"%";"79.779";"-";"1.402";"1.775";"65.7";"65.672";"0";"0";"0";"0";"1.048";"0";"0"
"2023";"Febrero";"Parámetros_generales";"Granulometría_Textura";"-";"-";"-";"Arcillosa";"-";"Arenoso";"Arenoso";"Arcillosa";"Arcillosa";"Arenoso";"Arenoso";"Arenoso";"Arenoso";"Arenoso";"Arenoso";"Arenoso"
"2023";"Febrero";"Parámetros_generales";"Carbono_orgánico_total";"-";"-";"%";"3.8";"-";"0.45";"0.9";"13.05";"11.6";"0.4";"0.7";"1.15";"0.6";"1.05";"0.4";"0.7"
"2023";"Febrero";"Parámetros_generales";"Nitrógeno_total";"0.5";"2";"mg_kg";"8.5";"-";"4.5";"23";"121";"305";"3";"8";"6.5";"2";"3.5";"3";"4"
"2023";"Febrero";"Parámetros_generales";"Sulfuros";"3";"10";"mg_kg";"ND";"-";"11.5";"ND";"201.5";"318.5";"ND";"ND";"ND";"17";"12";"ND";"ND"
"2023";"Febrero";"Parámetros_generales";"Sulfato";"100";"250";"mg_kg";"2803";"-";"1672";"849.5";"5155.5";"4584.5";"1255.5";"2439";"1047.5";"1806";"971";"1195.5";"533"
"2023";"Febrero";"Parámetros_generales";"Cianuro";"2";"5";"mg_kg";"ND";"-";"ND";"ND";"ND";"ND";"ND";"ND";"ND";"ND";"ND";"ND";"ND"
"2023";"Febrero";"Parámetros_generales";"SAAM";"2";"5";"mg_kg";"ND";"-";"ND";"ND";"ND";"ND";"ND";"ND";"ND";"ND";"ND";"ND";"ND"
"2023";"Febrero";"Parámetros_generales";"Fósforo_total";"30";"100";"mg_kg";"714.5";"-";"272";"598.5";"1076.5";"1091";"286.5";"341.5";"442.5";"250.5";"413.5";"463.5";"361"
"2023";"Febrero";"Parámetros_generales";"Amonio";"0.01";"0.04";"mg_kg";"1.94";"-";"<LC";"1.95";"3.75";"160.895";"<LC";"0.9";"0.465";"0.23";"<LC";"<LC";"<LC"
"2023";"Febrero";"Parámetros_generales";"Nitritos";"0.01";"0.04";"mg_kg";"0.96";"-";"0.08";"0.1";"1.785";"0.855";"<LC";"0.06";"0.245";"0.1";"0.055";"<LC";"0.08"
"2023";"Febrero";"Parámetros_generales";"Nitratos";"0.1";"0.4";"mg_kg";"<LC";"-";"ND";"7.6";"ND";"ND";"ND";"ND";"2.25";"ND";"ND";"ND";"ND"
"2023";"Febrero";"Parámetros_generales";"Fenoles_totales";"1";"3";"mg_kg";"ND";"-";"ND";"ND";"<LC";"ND";"ND";"ND";"ND";"ND";"ND";"ND";"ND"
"2023";"Febrero";"Plaguicidas";"2,4_D";"0.15";"0.5";"µg_kg";"ND";"-";"ND";"ND";"ND";"ND";"ND";"ND";"ND";"ND";"ND";"ND";"ND"
"2023";"Febrero";"Plaguicidas";"2,4_DB";"0.5";"1.5";"µg_kg";"ND";"-";"ND";"ND";"ND";"ND";"ND";"ND";"ND";"ND";"ND";"ND";"ND"
"2023";"Febrero";"Plaguicidas";"Aletrina";"0.45";"1.5";"µg_kg";"ND";"-";"ND";"ND";"ND";"ND";"ND";"ND";"ND";"ND";"ND";"ND";"ND"
"2023";"Febrero";"Plaguicidas";"AMPA";"0.07";"0.235";"µg_kg";"4.05";"-";"19.605";"235.375";"36.46";"16.57";"7.28";"15.37";"13.11";"2.96";"35.92";"1.96";"2.535"
"2023";"Febrero";"Plaguicidas";"Atrazina";"0.03";"0.1";"µg_kg";"ND";"-";"ND";"ND";"ND";"ND";"ND";"ND";"ND";"ND";"ND";"ND";"ND"
"2023";"Febrero";"Plaguicidas";"Atrazina_2_hidroxi";"0.03";"0.1";"µg_kg";"ND";"-";"ND";"ND";"ND";"ND";"ND";"ND";"ND";"ND";"ND";"ND";"ND"
"2023";"Febrero";"Plaguicidas";"Atrazina_desetil";"0.07";"0.22";"µg_kg";"ND";"-";"ND";"ND";"ND";"ND";"ND";"ND";"ND";"ND";"ND";"ND";"ND"
"2023";"Febrero";"Plaguicidas";"Atrazina_desisopropil";"0.15";"0.45";"µg_kg";"ND";"-";"ND";"ND";"ND";"ND";"ND";"ND";"ND";"ND";"ND";"ND";"ND"
"2023";"Febrero";"Plaguicidas";"Acetamiprid";"0.0004";"0.001";"µg_kg";"ND";"-";"ND";"ND";"ND";"ND";"ND";"ND";"ND";"ND";"ND";"ND";"ND"
"2023";"Febrero";"Plaguicidas";"Acetoclor";"0.3";"1";"µg_kg";"ND";"-";"ND";"ND";"ND";"ND";"ND";"ND";"ND";"ND";"ND";"ND";"ND"
"2023";"Febrero";"Plaguicidas";"Alacloro";"0.3";"1";"µg_kg";"ND";"-";"ND";"ND";"ND";"ND";"ND";"ND";"ND";"ND";"ND";"ND";"ND"
"2023";"Febrero";"Plaguicidas";"Aldicarb";"1.3";"4.3";"µg_kg";"ND";"-";"ND";"ND";"ND";"ND";"ND";"ND";"ND";"ND";"ND";"ND";"ND"
"2023";"Febrero";"Plaguicidas";"Ametrina";"0.001";"0.003";"µg_kg";"ND";"-";"ND";"ND";"ND";"ND";"ND";"ND";"ND";"ND";"ND";"ND";"ND"
"2023";"Febrero";"Plaguicidas";"Azoxistrobina";"0.01";"0.03";"µg_kg";"ND";"-";"ND";"ND";"ND";"ND";"ND";"0.245";"ND";"ND";"ND";"ND";"ND"
"2023";"Febrero";"Plaguicidas";"Benazolina";"0.02";"0.07";"µg_kg";"ND";"-";"ND";"ND";"ND";"ND";"ND";"ND";"ND";"ND";"ND";"ND";"ND"
"2023";"Febrero";"Plaguicidas";"Benomilo";"0.02";"0.07";"µg_kg";"ND";"-";"ND";"ND";"ND";"ND";"ND";"ND";"ND";"ND";"ND";"ND";"ND"
"2023";"Febrero";"Plaguicidas";"Bispiribac";"0.02";"0.07";"µg_kg";"ND";"-";"ND";"ND";"ND";"ND";"ND";"ND";"ND";"ND";"ND";"ND";"ND"
"2023";"Febrero";"Plaguicidas";"Boscalid";"0.04";"0.14";"µg_kg";"ND";"-";"ND";"ND";"ND";"ND";"ND";"ND";"ND";"ND";"ND";"ND";"ND"
"2023";"Febrero";"Plaguicidas";"Butóxido_de_piperonilo";"0.005";"0.015";"µg_kg";"ND";"-";"ND";"ND";"ND";"ND";"ND";"ND";"ND";"ND";"ND";"ND";"ND"
"2023";"Febrero";"Plaguicidas";"Carbarilo";"0.025";"0.085";"µg_kg";"ND";"-";"ND";"ND";"ND";"ND";"ND";"ND";"ND";"ND";"ND";"ND";"ND"
"2023";"Febrero";"Plaguicidas";"Carbendazim";"0.02";"0.06";"µg_kg";"ND";"-";"ND";"ND";"ND";"ND";"ND";"ND";"ND";"ND";"ND";"ND";"ND"
"2023";"Febrero";"Plaguicidas";"Carbofurano";"0.05";"0.15";"µg_kg";"ND";"-";"ND";"ND";"ND";"ND";"ND";"ND";"ND";"ND";"ND";"ND";"ND"
"2023";"Febrero";"Plaguicidas";"Cipermetrina";"0.06";"0.2";"µg_kg";"ND";"-";"ND";"ND";"ND";"ND";"ND";"ND";"ND";"ND";"ND";"ND";"ND"
"2023";"Febrero";"Plaguicidas";"Clorantraniliprol";"0.3";"1";"µg_kg";"ND";"-";"ND";"ND";"ND";"ND";"ND";"ND";"ND";"ND";"ND";"ND";"ND"
"2023";"Febrero";"Plaguicidas";"Clorimuron_Etil";"0.4";"1.3";"µg_kg";"ND";"-";"ND";"ND";"ND";"ND";"ND";"ND";"ND";"ND";"ND";"ND";"ND"
"2023";"Febrero";"Plaguicidas";"Clorpirifos_(Etil_y_Metil)";"0.03";"0.1";"µg_kg";"ND";"-";"ND";"ND";"2.51";"ND";"ND";"ND";"ND";"ND";"0.265";"ND";"ND"
"2023";"Febrero";"Plaguicidas";"Ciproconazol";"0.07";"0.22";"µg_kg";"ND";"-";"ND";"ND";"1.75";"ND";"ND";"<LC";"<LC";"ND";"ND";"ND";"ND"
"2023";"Febrero";"Plaguicidas";"Deltametrina";"0.27";"0.88";"µg_kg";"ND";"-";"ND";"ND";"ND";"ND";"ND";"ND";"ND";"ND";"ND";"ND";"ND"
"2023";"Febrero";"Plaguicidas";"Diazinon";"0.01";"0.04";"µg_kg";"ND";"-";"ND";"ND";"ND";"<LC";"ND";"ND";"ND";"ND";"ND";"ND";"ND"
"2023";"Febrero";"Plaguicidas";"Dicamba";"1.75";"6";"µg_kg";"ND";"-";"ND";"ND";"ND";"ND";"ND";"ND";"ND";"ND";"ND";"ND";"ND"
"2023";"Febrero";"Plaguicidas";"Diclosulam";"0.05";"0.17";"µg_kg";"ND";"-";"ND";"ND";"ND";"ND";"ND";"ND";"ND";"ND";"ND";"ND";"ND"
"2023";"Febrero";"Plaguicidas";"Difenoconazol";"0.02";"0.06";"µg_kg";"ND";"-";"ND";"ND";"1.445";"ND";"0.515";"4.07";"0.675";"ND";"ND";"ND";"ND"
"2023";"Febrero";"Plaguicidas";"Diflubenzuron";"0.09";"0.25";"µg_kg";"ND";"-";"ND";"ND";"ND";"ND";"ND";"ND";"ND";"ND";"ND";"ND";"ND"
"2023";"Febrero";"Plaguicidas";"Dimetoato";"0.005";"0.015";"µg_kg";"ND";"-";"ND";"ND";"ND";"ND";"ND";"ND";"ND";"ND";"ND";"ND";"ND"
"2023";"Febrero";"Plaguicidas";"Diuron";"0.2";"0.6";"µg_kg";"ND";"-";"ND";"ND";"ND";"ND";"ND";"ND";"ND";"ND";"ND";"ND";"ND"
"2023";"Febrero";"Plaguicidas";"Epoxiconazol";"0.01";"0.04";"µg_kg";"ND";"-";"ND";"ND";"ND";"ND";"ND";"ND";"ND";"ND";"ND";"ND";"ND"
"2023";"Febrero";"Plaguicidas";"Fenitrotión";"0.03";"0.1";"µg_kg";"ND";"-";"ND";"ND";"ND";"ND";"ND";"ND";"ND";"ND";"ND";"ND";"ND"
"2023";"Febrero";"Plaguicidas";"Fipronil";"0.11";"0.36";"µg_kg";"ND";"-";"ND";"ND";"ND";"ND";"ND";"ND";"ND";"ND";"ND";"ND";"ND"
"2023";"Febrero";"Plaguicidas";"Fludioxonil";"0.1";"0.3";"µg_kg";"ND";"-";"ND";"ND";"ND";"ND";"ND";"ND";"ND";"ND";"ND";"ND";"ND"
"2023";"Febrero";"Plaguicidas";"Flumioxazin";"0.8";"2.6";"µg_kg";"ND";"-";"ND";"ND";"ND";"ND";"ND";"ND";"ND";"ND";"ND";"ND";"ND"
"2023";"Febrero";"Plaguicidas";"Flurocloridona";"0.015";"0.045";"µg_kg";"ND";"-";"ND";"ND";"ND";"ND";"ND";"ND";"ND";"ND";"ND";"ND";"ND"
"2023";"Febrero";"Plaguicidas";"Glifosato";"0.03";"0.1";"µg_kg";"11.525";"-";"162.055";"130.155";"205.445";"164.91";"15.245";"121.21";"46.905";"7.105";"328.355";"4.27";"ND"
"2023";"Febrero";"Plaguicidas";"Glufosinato";"0.025";"0.07";"µg_kg";"ND";"-";"ND";"ND";"ND";"ND";"ND";"ND";"ND";"ND";"ND";"ND";"ND"
"2023";"Febrero";"Plaguicidas";"Haloxifop_metil";"0.015";"0.05";"µg_kg";"ND";"-";"ND";"ND";"ND";"ND";"ND";"ND";"ND";"ND";"ND";"ND";"ND"
"2023";"Febrero";"Plaguicidas";"Imazapic";"0.04";"0.13";"µg_kg";"ND";"-";"ND";"ND";"ND";"ND";"ND";"ND";"ND";"ND";"ND";"ND";"ND"
"2023";"Febrero";"Plaguicidas";"Imazapir";"0.1";"0.35";"µg_kg";"ND";"-";"ND";"ND";"ND";"ND";"ND";"ND";"ND";"ND";"ND";"ND";"ND"
"2023";"Febrero";"Plaguicidas";"Imazaquin";"0.1";"0.3";"µg_kg";"ND";"-";"ND";"ND";"ND";"ND";"ND";"ND";"ND";"ND";"ND";"ND";"ND"
"2023";"Febrero";"Plaguicidas";"Imidacloprid";"0.01";"0.03";"µg_kg";"ND";"-";"ND";"ND";"ND";"ND";"ND";"ND";"ND";"ND";"ND";"ND";"ND"
"2023";"Febrero";"Plaguicidas";"Imazetapir";"0.23";"0.77";"µg_kg";"ND";"-";"ND";"ND";"ND";"ND";"ND";"ND";"ND";"ND";"ND";"ND";"ND"
"2023";"Febrero";"Plaguicidas";"Kresoxim_metil";"0.01";"0.03";"µg_kg";"ND";"-";"ND";"ND";"ND";"ND";"ND";"ND";"ND";"ND";"ND";"ND";"ND"
"2023";"Febrero";"Plaguicidas";"Lactofen";"0.025";"0.08";"µg_kg";"ND";"-";"ND";"ND";"ND";"ND";"ND";"ND";"ND";"ND";"ND";"ND";"ND"
"2023";"Febrero";"Plaguicidas";"Lambda_cialotrina";"1.8";"4.7";"µg_kg";"ND";"-";"ND";"ND";"ND";"ND";"ND";"ND";"ND";"ND";"ND";"ND";"ND"
"2023";"Febrero";"Plaguicidas";"Linuron";"0.2";"0.6";"µg_kg";"ND";"-";"ND";"ND";"ND";"ND";"ND";"ND";"ND";"ND";"ND";"ND";"ND"
"2023";"Febrero";"Plaguicidas";"Malatión";"0.03";"0.1";"µg_kg";"ND";"-";"ND";"ND";"ND";"ND";"ND";"ND";"ND";"ND";"ND";"ND";"ND"
"2023";"Febrero";"Plaguicidas";"Mancozeb";"0.23";"0.75";"µg_kg";"ND";"-";"ND";"ND";"ND";"ND";"ND";"ND";"ND";"ND";"ND";"ND";"ND"
"2023";"Febrero";"Plaguicidas";"MCPA";"0.48";"1.6";"µg_kg";"ND";"-";"ND";"ND";"ND";"ND";"ND";"ND";"ND";"ND";"ND";"ND";"ND"
"2023";"Febrero";"Plaguicidas";"Metalaxil";"0.01";"0.04";"µg_kg";"ND";"-";"ND";"ND";"ND";"ND";"ND";"ND";"ND";"ND";"ND";"ND";"ND"
"2023";"Febrero";"Plaguicidas";"Metconazol";"0.01";"0.03";"µg_kg";"ND";"-";"ND";"ND";"ND";"ND";"ND";"ND";"ND";"ND";"ND";"ND";"ND"
"2023";"Febrero";"Plaguicidas";"Metolacloro";"0.005";"0.015";"µg_kg";"ND";"-";"ND";"ND";"ND";"ND";"ND";"<LC";"<LC";"ND";"ND";"ND";"ND"
"2023";"Febrero";"Plaguicidas";"Metomilo";"0.01";"0.03";"µg_kg";"ND";"-";"ND";"ND";"ND";"ND";"ND";"ND";"ND";"ND";"ND";"ND";"ND"
"2023";"Febrero";"Plaguicidas";"Metribuzina";"0.25";"0.82";"µg_kg";"ND";"-";"ND";"ND";"ND";"ND";"ND";"ND";"ND";"ND";"ND";"ND";"ND"
"2023";"Febrero";"Plaguicidas";"Metsulfuron_metil";"0.15";"0.5";"µg_kg";"ND";"-";"ND";"ND";"ND";"ND";"ND";"ND";"ND";"ND";"ND";"ND";"ND"
"2023";"Febrero";"Plaguicidas";"Paratión_etil";"2.7";"9";"µg_kg";"ND";"-";"ND";"ND";"ND";"ND";"ND";"ND";"ND";"ND";"ND";"ND";"ND"
"2023";"Febrero";"Plaguicidas";"Pendimetalina";"0.03";"0.1";"µg_kg";"ND";"-";"ND";"ND";"ND";"ND";"ND";"ND";"ND";"ND";"ND";"ND";"ND"
"2023";"Febrero";"Plaguicidas";"Permetrina";"0.1";"0.35";"µg_kg";"ND";"-";"ND";"3.9";"36.445";"5.815";"ND";"0.855";"ND";"ND";"1.06";"ND";"ND"
"2023";"Febrero";"Plaguicidas";"Picoxistrobina";"0.01";"0.03";"µg_kg";"ND";"-";"ND";"ND";"ND";"ND";"ND";"ND";"ND";"ND";"ND";"ND";"ND"
"2023";"Febrero";"Plaguicidas";"Piraclostrobina";"0.005";"0.02";"µg_kg";"ND";"-";"ND";"ND";"ND";"ND";"ND";"ND";"ND";"ND";"ND";"ND";"ND"
"2023";"Febrero";"Plaguicidas";"Prometrina";"0.25";"0.75";"µg_kg";"ND";"-";"ND";"ND";"ND";"ND";"ND";"ND";"ND";"ND";"ND";"ND";"ND"
"2023";"Febrero";"Plaguicidas";"Spinosad_A";"0.08";"0.25";"µg_kg";"ND";"-";"ND";"ND";"ND";"ND";"ND";"ND";"ND";"ND";"ND";"ND";"ND"
"2023";"Febrero";"Plaguicidas";"Spinosad_D";"0.01";"0.03";"µg_kg";"ND";"-";"ND";"ND";"ND";"ND";"ND";"ND";"ND";"ND";"ND";"ND";"ND"
"2023";"Febrero";"Plaguicidas";"Saflufenacilo";"0.3";"1";"µg_kg";"ND";"-";"ND";"ND";"ND";"ND";"ND";"ND";"ND";"ND";"ND";"ND";"ND"
"2023";"Febrero";"Plaguicidas";"Sulfentrazona";"0.4";"1";"µg_kg";"ND";"-";"ND";"ND";"ND";"ND";"ND";"ND";"ND";"ND";"ND";"ND";"ND"
"2023";"Febrero";"Plaguicidas";"Sulfluramida";"0.03";"0.1";"µg_kg";"ND";"-";"ND";"ND";"ND";"ND";"ND";"ND";"ND";"ND";"ND";"ND";"ND"
"2023";"Febrero";"Plaguicidas";"TCP_(Metab_Clorpirifos)";"0.3";"1";"µg_kg";"ND";"-";"ND";"ND";"ND";"ND";"ND";"ND";"ND";"ND";"ND";"ND";"ND"
"2023";"Febrero";"Plaguicidas";"Tebuconazol";"0.04";"0.12";"µg_kg";"ND";"-";"ND";"ND";"11.95";"ND";"ND";"1.65";"ND";"ND";"ND";"ND";"ND"
"2023";"Febrero";"Plaguicidas";"Tetrametrina";"0.05";"0.15";"µg_kg";"ND";"-";"ND";"ND";"ND";"ND";"ND";"ND";"ND";"ND";"ND";"ND";"ND"
"2023";"Febrero";"Plaguicidas";"Thiodicarb";"0.25";"0.75";"µg_kg";"ND";"-";"ND";"ND";"ND";"ND";"ND";"ND";"ND";"ND";"ND";"ND";"ND"
"2023";"Febrero";"Plaguicidas";"Tiacloprid";"0.01";"0.03";"µg_kg";"ND";"-";"ND";"ND";"ND";"ND";"ND";"ND";"ND";"ND";"ND";"ND";"ND"
"2023";"Febrero";"Plaguicidas";"Tiametoxam";"0.01";"0.03";"µg_kg";"ND";"-";"ND";"ND";"ND";"ND";"ND";"ND";"ND";"ND";"ND";"ND";"ND"
"2023";"Febrero";"Plaguicidas";"Trifloxistrobina";"0.005";"0.02";"µg_kg";"ND";"-";"ND";"ND";"ND";"ND";"ND";"ND";"ND";"ND";"ND";"ND";"ND"
"2023";"Febrero";"Plaguicidas";"Trifluralina";"3";"9";"µg_kg";"INT";"-";"INT";"INT";"INT";"INT";"INT";"INT";"INT";"INT";"INT";"INT";"INT"
"2023";"Febrero";"Plaguicidas";"Triticonazol";"0.015";"0.045";"µg_kg";"ND";"-";"ND";"ND";"ND";"ND";"ND";"ND";"ND";"ND";"ND";"ND";"ND"
"2023";"Febrero";"Plaguicidas";"Tropamezona";"0.3";"1";"µg_kg";"ND";"-";"ND";"ND";"ND";"ND";"ND";"ND";"ND";"ND";"ND";"ND";"ND"
"2023";"Febrero";"Ionóforos_de_uso_veterinario";"Monensina";"0.01";"0.04";"µg_kg";"ND";"-";"ND";"ND";"ND";"ND";"ND";"ND";"<LC";"ND";"ND";"ND";"<LC"
"2023";"Febrero";"Ionóforos_de_uso_veterinario";"Salinomicina";"0.01";"0.03";"µg_kg";"ND";"-";"ND";"ND";"ND";"ND";"ND";"ND";"ND";"ND";"ND";"ND";"ND"
"2023";"Febrero";"Ionóforos_de_uso_veterinario";"Lasalocid";"0.002";"0.006";"µg_kg";"ND";"-";"ND";"ND";"ND";"ND";"ND";"ND";"ND";"ND";"ND";"ND";"ND"
"2023";"Febrero";"Ionóforos_de_uso_veterinario";"Maduramicina";"0.003";"0.01";"µg_kg";"ND";"-";"ND";"ND";"ND";"ND";"ND";"<LC";"ND";"ND";"ND";"ND";"ND"
"2023";"Febrero";"Ionóforos_de_uso_veterinario";"Semduramicina";"0.006";"0.02";"µg_kg";"ND";"-";"ND";"ND";"ND";"ND";"ND";"ND";"ND";"ND";"ND";"ND";"ND"
"2023";"Febrero";"Ionóforos_de_uso_veterinario";"Tilosina";"0.01";"0.04";"µg_kg";"ND";"-";"ND";"ND";"ND";"ND";"ND";"ND";"ND";"ND";"ND";"ND";"ND"
"2023";"Febrero";"Antibióticos_Ciclinas";"Tetraciclina";"0.01";"0.05";"µg_kg";"ND";"-";"ND";"ND";"ND";"ND";"ND";"ND";"ND";"ND";"ND";"ND";"ND"
"2023";"Febrero";"Antibióticos_Ciclinas";"Oxitetraciclina";"0.02";"0.06";"µg_kg";"ND";"-";"ND";"ND";"ND";"ND";"ND";"ND";"ND";"ND";"ND";"ND";"ND"
"2023";"Febrero";"Antibióticos_Ciclinas";"Doxiciclina";"0.01";"0.03";"µg_kg";"ND";"-";"ND";"ND";"ND";"ND";"ND";"ND";"ND";"ND";"ND";"ND";"ND"
"2023";"Febrero";"Antibióticos_Ciclinas";"Clortetraciclina";"0.05";"0.2";"µg_kg";"ND";"-";"ND";"ND";"ND";"ND";"ND";"ND";"ND";"ND";"ND";"ND";"ND"
"2023";"Febrero";"Productos_de_cuidado_personal";"Metil_parabeno";"0.2";"0.6";"µg_kg";"ND";"-";"ND";"ND";"ND";"ND";"ND";"ND";"ND";"ND";"ND";"ND";"ND"
"2023";"Febrero";"Productos_de_cuidado_personal";"Etil_parabeno";"0.2";"0.7";"µg_kg";"ND";"-";"ND";"ND";"ND";"ND";"ND";"ND";"ND";"ND";"ND";"ND";"ND"
"2023";"Febrero";"Productos_de_cuidado_personal";"Propil_parabeno";"0.9";"3";"µg_kg";"ND";"-";"ND";"ND";"ND";"ND";"ND";"ND";"ND";"ND";"ND";"ND";"ND"
"2023";"Febrero";"Productos_de_cuidado_personal";"Butil_parabeno";"1";"4";"µg_kg";"ND";"-";"ND";"ND";"ND";"ND";"ND";"ND";"ND";"ND";"ND";"ND";"ND"
"2023";"Febrero";"Productos_de_cuidado_personal";"Triclosan";"1";"4";"µg_kg";"ND";"-";"ND";"ND";"ND";"ND";"ND";"ND";"ND";"ND";"ND";"ND";"ND"
"2023";"Febrero";"Productos_de_cuidado_personal";"Anilina";"1";"4";"µg_kg";"ND";"-";"ND";"ND";"ND";"ND";"ND";"ND";"ND";"ND";"ND";"ND";"ND"
"2023";"Febrero";"Productos_de_cuidado_personal";"Metil_triclosan";"1";"4";"µg_kg";"ND";"-";"ND";"ND";"ND";"ND";"ND";"ND";"ND";"ND";"ND";"ND";"ND"
"2023";"Febrero";"Antibióticos_Sulfamidas";"Sulfapiridina";"0.04";"0.1";"µg_kg";"ND";"-";"ND";"ND";"ND";"ND";"ND";"ND";"ND";"ND";"ND";"ND";"ND"
"2023";"Febrero";"Antibióticos_Sulfamidas";"Sulfadiazina";"0.1";"0.4";"µg_kg";"ND";"-";"ND";"ND";"ND";"ND";"ND";"ND";"ND";"ND";"ND";"ND";"ND"
"2023";"Febrero";"Antibióticos_Sulfamidas";"Sulfatiazol";"0.01";"0.05";"µg_kg";"ND";"-";"ND";"ND";"ND";"ND";"ND";"ND";"ND";"ND";"ND";"ND";"ND"
"2023";"Febrero";"Antibióticos_Sulfamidas";"Sulfamerazina";"0.02";"0.08";"µg_kg";"ND";"-";"ND";"ND";"ND";"ND";"ND";"ND";"ND";"ND";"ND";"ND";"ND"
"2023";"Febrero";"Antibióticos_Sulfamidas";"Sulfametazina";"0.05";"0.2";"µg_kg";"ND";"-";"ND";"ND";"ND";"ND";"ND";"ND";"ND";"ND";"ND";"ND";"ND"
"2023";"Febrero";"Antibióticos_Sulfamidas";"Sulfametoxazol";"0.06";"0.2";"µg_kg";"ND";"-";"ND";"ND";"ND";"ND";"ND";"ND";"ND";"ND";"ND";"ND";"ND"
"2023";"Febrero";"Antibióticos_Sulfamidas";"Sulfadimetoxina";"0.04";"0.1";"µg_kg";"ND";"-";"ND";"ND";"ND";"ND";"ND";"ND";"ND";"ND";"ND";"ND";"ND"
"2023";"Febrero";"Antibióticos_Sulfamidas";"Sulfaguanidina";"0.1";"0.4";"µg_kg";"ND";"-";"ND";"ND";"ND";"ND";"ND";"ND";"ND";"ND";"ND";"ND";"ND"
"2023";"Febrero";"Antibióticos_Sulfamidas";"Sulfametoxipiridazina";"0.1";"0.4";"µg_kg";"ND";"-";"ND";"ND";"ND";"ND";"ND";"ND";"ND";"ND";"ND";"ND";"ND"
"2023";"Febrero";"Abamectinas";"Emamectina";"0.004";"0.01";"µg_kg";"ND";"-";"ND";"ND";"ND";"ND";"ND";"ND";"ND";"ND";"ND";"ND";"ND"
"2023";"Febrero";"Abamectinas";"Abamectina";"0.3";"0.9";"µg_kg";"ND";"-";"ND";"ND";"ND";"ND";"ND";"ND";"ND";"ND";"ND";"ND";"ND"
"2023";"Febrero";"Abamectinas";"Moxidectina";"0.4";"1";"µg_kg";"ND";"-";"ND";"ND";"ND";"ND";"ND";"ND";"ND";"ND";"ND";"ND";"ND"
"2023";"Febrero";"Abamectinas";"Doramectina";"0.5";"2";"µg_kg";"ND";"-";"ND";"ND";"ND";"ND";"ND";"ND";"ND";"ND";"ND";"ND";"ND"
"2023";"Febrero";"Abamectinas";"Ivermectina";"0.5";"2";"µg_kg";"ND";"-";"ND";"ND";"ND";"ND";"ND";"ND";"ND";"ND";"ND";"ND";"ND"
"2023";"Febrero";"Antibióticos";"Enrofloxacina";"0.1";"0.4";"µg_kg";"ND";"-";"ND";"ND";"ND";"ND";"ND";"ND";"ND";"ND";"ND";"ND";"ND"
"2023";"Febrero";"Antibióticos";"Amoxicilina";"2";"7";"µg_kg";"ND";"-";"ND";"ND";"ND";"ND";"ND";"ND";"ND";"ND";"ND";"ND";"ND"
"2023";"Febrero";"Antibióticos";"Cloranfenicol";"0.025";"0.075";"µg_kg";"ND";"-";"ND";"ND";"ND";"ND";"ND";"ND";"ND";"ND";"ND";"ND";"ND"
"2023";"Febrero";"Antibióticos";"Florfenicol";"0.015";"0.05";"µg_kg";"ND";"-";"ND";"ND";"ND";"ND";"ND";"ND";"ND";"ND";"ND";"ND";"ND"
"2023";"Febrero";"Antibióticos";"Claritromicina";"0.01";"0.03";"µg_kg";"<LC";"-";"<LC";"0.825";"<LC";"<LC";"0.175";"ND";"<LC";"0.265";"<LC";"<LC";"ND"
"2023";"Febrero";"Antibióticos";"Ciprofloxacina";"0.1";"0.3";"µg_kg";"ND";"-";"ND";"ND";"ND";"ND";"ND";"ND";"ND";"ND";"ND";"ND";"ND"
"2023";"Febrero";"Antibióticos";"Norfloxacina";"0.2";"0.6";"µg_kg";"ND";"-";"ND";"ND";"ND";"ND";"ND";"ND";"ND";"ND";"ND";"ND";"ND"
"2023";"Febrero";"Antibióticos";"Azitromicina";"0.1";"0.3";"µg_kg";"ND";"-";"ND";"ND";"ND";"ND";"ND";"ND";"ND";"ND";"ND";"ND";"ND"
"2023";"Febrero";"Antibióticos";"Cefalexina";"0.5";"1.5";"µg_kg";"INT";"-";"INT";"INT";"INT";"INT";"INT";"INT";"INT";"INT";"INT";"INT";"INT"
"2023";"Febrero";"Antibióticos";"Eritromicina";"0.15";"0.5";"µg_kg";"ND";"-";"ND";"ND";"ND";"ND";"ND";"ND";"ND";"ND";"ND";"ND";"ND"
"2023";"Febrero";"Fármacos";"Metformina";"0.01";"0.025";"µg_kg";"ND";"-";"ND";"ND";"ND";"ND";"ND";"ND";"ND";"ND";"ND";"ND";"ND"
"2023";"Febrero";"Fármacos";"Paracetamol";"0.15";"0.45";"µg_kg";"ND";"-";"<LC";"ND";"ND";"ND";"<LC";"ND";"ND";"ND";"ND";"ND";"<LC"
"2023";"Febrero";"Fármacos";"Atenolol";"0.015";"0.05";"µg_kg";"ND";"-";"ND";"ND";"ND";"ND";"ND";"ND";"ND";"ND";"ND";"ND";"ND"
"2023";"Febrero";"Fármacos";"Cafeína";"0.025";"0.085";"µg_kg";"7.22";"-";"8.195";"5.74";"43.885";"37.11";"1.35";"6.26";"11.11";"8.65";"7.76";"5.77";"11.88"
"2023";"Febrero";"Fármacos";"Dipirona";"1.5";"5";"µg_kg";"INT";"-";"INT";"INT";"INT";"INT";"INT";"INT";"INT";"INT";"INT";"INT";"INT"
"2023";"Febrero";"Fármacos";"Carbamazepina";"0.003";"0.01";"µg_kg";"ND";"-";"ND";"ND";"ND";"ND";"ND";"ND";"ND";"ND";"ND";"ND";"ND"
"2023";"Febrero";"Fármacos";"Oxicarbamacepina";"0.01";"0.025";"µg_kg";"ND";"-";"ND";"ND";"ND";"ND";"ND";"ND";"ND";"ND";"ND";"ND";"ND"
"2023";"Febrero";"Fármacos";"Difenhidramina";"0.003";"0.01";"µg_kg";"ND";"-";"<LC";"<LC";"<LC";"<LC";"ND";"ND";"ND";"ND";"ND";"ND";"ND"
"2023";"Febrero";"Fármacos";"Bromazepam";"0.035";"0.02";"µg_kg";"ND";"-";"ND";"ND";"ND";"ND";"ND";"ND";"ND";"ND";"ND";"ND";"ND"
"2023";"Febrero";"Fármacos";"Enalapril";"0.36";"1.2";"µg_kg";"ND";"-";"ND";"ND";"ND";"ND";"ND";"ND";"ND";"ND";"ND";"ND";"ND"
"2023";"Febrero";"Fármacos";"Sildenafilo";"0.005";"0.015";"µg_kg";"ND";"-";"ND";"ND";"ND";"ND";"ND";"ND";"ND";"ND";"ND";"ND";"ND"
"2023";"Febrero";"Fármacos";"Clonazepam";"0.03";"0.1";"µg_kg";"ND";"-";"ND";"ND";"ND";"ND";"ND";"ND";"ND";"ND";"ND";"ND";"ND"
"2023";"Febrero";"Fármacos";"Alprazolam";"0.01";"0.03";"µg_kg";"ND";"-";"ND";"ND";"ND";"ND";"ND";"ND";"ND";"ND";"ND";"ND";"ND"
"2023";"Febrero";"Fármacos";"Fluoxetina";"0.01";"0.04";"µg_kg";"ND";"-";"ND";"ND";"ND";"ND";"ND";"ND";"ND";"ND";"ND";"ND";"ND"
"2023";"Febrero";"Fármacos";"Lorazepam";"0.15";"0.5";"µg_kg";"ND";"-";"ND";"ND";"ND";"ND";"ND";"ND";"ND";"ND";"ND";"ND";"ND"
"2023";"Febrero";"Fármacos";"Ibuprofeno";"2";"7";"µg_kg";"ND";"-";"ND";"ND";"ND";"ND";"ND";"ND";"ND";"ND";"ND";"ND";"ND"
"2023";"Febrero";"Fármacos";"Diclofenaco";"0.005";"0.02";"µg_kg";"ND";"-";"ND";"ND";"ND";"ND";"ND";"ND";"ND";"ND";"ND";"ND";"ND"
"2023";"Febrero";"Fármacos";"Indometacina";"0.1";"0.3";"µg_kg";"ND";"-";"ND";"ND";"ND";"ND";"ND";"ND";"ND";"ND";"ND";"ND";"ND"
"2023";"Febrero";"Fármacos";"Etinil_estradiol";"0.009";"0.025";"µg_kg";"ND";"-";"ND";"2.54";"ND";"ND";"ND";"ND";"ND";"ND";"ND";"ND";"ND"
"2023";"Febrero";"Fármacos";"Estradiol ";"1.38";"3.68";"µg_kg";"ND";"-";"ND";"ND";"ND";"411";"ND";"ND";"ND";"ND";"ND";"ND";"ND"
"2023";"Febrero";"Hidrocarburos aromáticos policíclicos";"Naftaleno";"0.003";"0.01";"µg_kg";"0.6";"-";"0.185";"5.755";"8.88";"6.23";"11.56";"0.28";"0.39";"0.15";"0.135";"ND";"8.3"
"2023";"Febrero";"Hidrocarburos aromáticos policíclicos";"Acenaftileno";"0.003";"0.01";"µg_kg";"0.135";"-";"<LC";"0.71";"1.42";"6.15";"1.235";"ND";"0.55";"ND";"0.775";"ND";"6.05"
"2023";"Febrero";"Hidrocarburos aromáticos policíclicos";"Acenafteno";"0.003";"0.01";"µg_kg";"ND";"-";"ND";"0.72";"0.855";"1.09";"0.17";"0.18";"<LC";"<LC";"ND";"0.22";"1.835"
"2023";"Febrero";"Hidrocarburos aromáticos policíclicos";"Fluoreno";"0.003";"0.01";"µg_kg";"ND";"-";"ND";"ND";"ND";"ND";"ND";"ND";"ND";"ND";"ND";"ND";"0.535"
"2023";"Febrero";"Hidrocarburos aromáticos policíclicos";"Fenantreno";"0.003";"0.01";"µg_kg";"0.06";"-";"ND";"ND";"0.185";"0.3";"0.23";"0.04";"ND";"ND";"ND";"ND";"ND"
"2023";"Febrero";"Hidrocarburos aromáticos policíclicos";"Antraceno";"0.003";"0.01";"µg_kg";"<LC";"-";"0.305";"0.125";"<LC";"<LC";"<LC";"ND";"ND";"ND";"ND";"ND";"ND"
"2023";"Febrero";"Hidrocarburos aromáticos policíclicos";"Fluoranteno";"0.003";"0.01";"µg_kg";"ND";"-";"ND";"ND";"0.065";"ND";"ND";"<LC";"ND";"ND";"ND";"<LC";"ND"
"2023";"Febrero";"Hidrocarburos aromáticos policíclicos";"Pireno";"0.003";"0.01";"µg_kg";"<LC";"-";"0.685";"<LC";"<LC";"<LC";"0.145";"ND";"0.43";"0.2";"0.135";"<LC";"<LC"
"2023";"Febrero";"Hidrocarburos aromáticos policíclicos";"Benzo(a)antraceno+criseno";"0.003";"0.01";"µg_kg";"0.065";"-";"ND";"0.065";"0.1";"0.19";"0.165";"<LC";"0.215";"<LC";"0.385";"0.27";"<LC"
"2023";"Febrero";"Hidrocarburos aromáticos policíclicos";"Benzo(b)fluoranteno";"0.003";"0.01";"µg_kg";"<LC";"-";"ND";"0.145";"0.105";"0.255";"0.29";"<LC";"ND";"<LC";"0.305";"0.29";"0.355"
"2023";"Febrero";"Hidrocarburos aromáticos policíclicos";"Benzo(k)fluoranteno";"0.003";"0.01";"µg_kg";"ND";"-";"ND";"ND";"<LC";"0.075";"<LC";"<LC";"0.125";"<LC";"0.27";"0.415";"ND"
"2023";"Febrero";"Hidrocarburos aromáticos policíclicos";"Benzo(a)pireno_+_Dibenzo_(ah)antraceno";"0.003";"0.01";"µg_kg";"<LC";"-";"0.575";"<LC";"0.085";"0.075";"0.165";"<LC";"ND";"<LC";"0.425";"ND";"ND"
"2023";"Febrero";"Hidrocarburos aromáticos policíclicos";"Indeno(1,2,3-c,d)pireno";"0.003";"0.01";"µg_kg";"0.84";"-";"0.24";"<LC";"0.05";"0.57";"ND";"ND";"ND";"<LC";"ND";"ND";"<LC"
"2023";"Febrero";"Hidrocarburos aromáticos policíclicos";"Benzo(g,h,i)perileno";"0.003";"0.01";"µg_kg";"<LC";"-";"ND";"<LC";"<LC";"0.1";"0.01";"ND";"ND";"<LC";"<LC";"<LC";"<LC"
"2023";"Febrero";"Hidrocarburos aromáticos policíclicos";"HAPs_Totales";"0.003";"0.01";"µg_kg";"1.81";"-";"2.005";"7.595";"11.78";"15.07";"14.005";"0.5";"1.805";"0.35";"2.43";"1.195";"17.075"
"2023";"Febrero";"Compuestos_fenólicos";"2-sec-Butil-4,6-dinitrofenol";"0.02";"0.06";"µg_kg";"ND";"-";"ND";"ND";"ND";"ND";"ND";"ND";"ND";"ND";"ND";"ND";"ND"
"2023";"Febrero";"Compuestos_fenólicos";"4-Cloro-3-metilfenol";"1";"3";"µg_kg";"ND";"-";"ND";"ND";"ND";"ND";"ND";"ND";"ND";"ND";"ND";"ND";"ND"
"2023";"Febrero";"Compuestos_fenólicos";"2-Clorofenol";"1";"3";"µg_kg";"ND";"-";"ND";"ND";"ND";"ND";"ND";"ND";"ND";"ND";"ND";"ND";"ND"
"2023";"Febrero";"Compuestos_fenólicos";"o-metilfenol";"2";"6";"µg_kg";"ND";"-";"ND";"ND";"ND";"ND";"ND";"ND";"ND";"ND";"ND";"ND";"ND"
"2023";"Febrero";"Compuestos_fenólicos";"m-metilfenol";"2";"6";"µg_kg";"ND";"-";"ND";"ND";"ND";"ND";"ND";"ND";"ND";"ND";"ND";"ND";"ND"
"2023";"Febrero";"Compuestos_fenólicos";"p-metilfenol";"2";"6";"µg_kg";"ND";"-";"ND";"ND";"ND";"ND";"ND";"ND";"ND";"ND";"ND";"ND";"ND"
"2023";"Febrero";"Compuestos_fenólicos";"2-Ciclohexil-4,6-dinitrofenol";"0.06";"0.2";"µg_kg";"ND";"-";"ND";"ND";"ND";"ND";"ND";"ND";"ND";"ND";"ND";"ND";"ND"
"2023";"Febrero";"Compuestos_fenólicos";"2,4-Diclorofenol";"1";"3";"µg_kg";"ND";"-";"ND";"ND";"ND";"ND";"ND";"ND";"ND";"ND";"ND";"ND";"ND"
"2023";"Febrero";"Compuestos_fenólicos";"2,6-Diclorofenol";"1";"3";"µg_kg";"ND";"-";"ND";"ND";"ND";"ND";"ND";"ND";"ND";"ND";"ND";"ND";"ND"
"2023";"Febrero";"Compuestos_fenólicos";"2,4-Dimetilfenol";"0.2";"3";"µg_kg";"ND";"-";"ND";"ND";"ND";"ND";"ND";"ND";"ND";"ND";"ND";"ND";"ND"
"2023";"Febrero";"Compuestos_fenólicos";"2,4-Dinitrofenol";"0.06";"0.2";"µg_kg";"ND";"-";"ND";"ND";"ND";"ND";"ND";"ND";"ND";"ND";"ND";"ND";"ND"
"2023";"Febrero";"Compuestos_fenólicos";"2-Metil-4,6-dinitrofenol";"0.06";"0.2";"µg_kg";"ND";"-";"ND";"ND";"ND";"ND";"ND";"ND";"ND";"ND";"ND";"ND";"ND"
"2023";"Febrero";"Compuestos_fenólicos";"2-Nitrofenol";"0.06";"0.2";"µg_kg";"ND";"-";"ND";"ND";"ND";"ND";"ND";"ND";"ND";"ND";"ND";"ND";"ND"
"2023";"Febrero";"Compuestos_fenólicos";"4-Nitrofenol";"0.06";"0.2";"µg_kg";"ND";"-";"ND";"ND";"ND";"ND";"ND";"ND";"ND";"ND";"ND";"ND";"ND"
"2023";"Febrero";"Compuestos_fenólicos";"Pentaclorofenol";"0.02";"0.2";"µg_kg";"ND";"-";"ND";"ND";"ND";"ND";"ND";"ND";"ND";"ND";"ND";"ND";"ND"
"2023";"Febrero";"Compuestos_fenólicos";"Fenol";"2";"6";"µg_kg";"ND";"-";"ND";"ND";"ND";"ND";"ND";"ND";"ND";"ND";"ND";"ND";"ND"
"2023";"Febrero";"Compuestos_fenólicos";"Tetraclorofenol";"0.2";"0.6";"µg_kg";"ND";"-";"ND";"ND";"ND";"ND";"ND";"ND";"ND";"ND";"ND";"ND";"ND"
"2023";"Febrero";"Compuestos_fenólicos";"Triclorofenol_(isómeros)";"0.02";"0.06";"µg_kg";"ND";"-";"ND";"ND";"ND";"ND";"ND";"ND";"ND";"ND";"ND";"ND";"ND"
"2023";"Febrero";"Compuestos_fenólicos";"2,4,6-Triclorofenol";"0.06";"0.2";"µg_kg";"ND";"-";"ND";"ND";"ND";"ND";"ND";"ND";"ND";"ND";"ND";"ND";"ND"
"2023";"Febrero";"Compuestos_fenólicos";"Nonilfenol";"0.005";"0.016";"µg_kg";"30.79";"-";"2.965";"119.84";"2.533.025";"441.7";"9.565";"54.23";"11.92";"17.81";"19.29";"0.79";"0.29"
"2023";"Febrero";"Organoclorados_persistentes";"Hexaclorobenceno";"-";"-";"-";"-";"-";"-";"-";"-";"-";"-";"-";"-";"-";"-";"-";"-"
"2023";"Febrero";"Organoclorados_persistentes";"endosulfanes";"-";"-";"-";"-";"-";"-";"-";"-";"-";"-";"-";"-";"-";"-";"-";"-"
"2023";"Febrero";"Organoclorados_persistentes";"Aldrin";"-";"-";"-";"-";"-";"-";"-";"-";"-";"-";"-";"-";"-";"-";"-";"-"
"2023";"Febrero";"Organoclorados_persistentes";"Clordano";"-";"-";"-";"-";"-";"-";"-";"-";"-";"-";"-";"-";"-";"-";"-";"-"
"2023";"Febrero";"Organoclorados_persistentes";"DDTs_y_metabolitos";"-";"-";"-";"-";"-";"-";"-";"-";"-";"-";"-";"-";"-";"-";"-";"-"
"2023";"Febrero";"Organoclorados_persistentes";"Dicofol";"-";"-";"-";"-";"-";"-";"-";"-";"-";"-";"-";"-";"-";"-";"-";"-"
"2023";"Febrero";"Organoclorados_persistentes";"Dieldrin";"-";"-";"-";"-";"-";"-";"-";"-";"-";"-";"-";"-";"-";"-";"-";"-"
"2023";"Febrero";"Organoclorados_persistentes";"Heptacloro";"-";"-";"-";"-";"-";"-";"-";"-";"-";"-";"-";"-";"-";"-";"-";"-"
"2023";"Febrero";"Organoclorados_persistentes";"Heptacloro_Epóxido";"-";"-";"-";"-";"-";"-";"-";"-";"-";"-";"-";"-";"-";"-";"-";"-"
"2023";"Febrero";"Organoclorados_persistentes";"Lindano";"-";"-";"-";"-";"-";"-";"-";"-";"-";"-";"-";"-";"-";"-";"-";"-"
"2023";"Febrero";"Organoclorados_persistentes";"Metoxicloro";"-";"-";"-";"-";"-";"-";"-";"-";"-";"-";"-";"-";"-";"-";"-";"-"
"2023";"Febrero";"Metales_y_no_metales";"Aluminio";"2";"7";"µg_g";"7426.97";"-";"2087.32";"4571.87";"15704.02";"20215.48";"925.79";"3896.26";"4208.31";"3009.63";"3207.81";"3349.71";"3184.45"
"2023";"Febrero";"Metales_y_no_metales";"Cromo";"0.04";"0.1";"µg_g";"39.41";"-";"7.49";"17.28";"55.645";"46.365";"5.72";"14.8";"10.28";"8.745";"7.065";"4.76";"3.745"
"2023";"Febrero";"Metales_y_no_metales";"Manganeso";"0.01";"0.02";"µg_g";"458.23";"-";"117.255";"139.275";"271.935";"284.115";"104.655";"82.155";"101.36";"68.445";"143.85";"77.195";"99.645"
"2023";"Febrero";"Metales_y_no_metales";"Hierro";"1";"2";"µg_g";"14246";"-";"5847.5";"6969.5";"19562";"24334";"5996";"7440";"7396.5";"5542.5";"6455";"5141";"6526.5"
"2023";"Febrero";"Metales_y_no_metales";"Cobalto";"0.00004";"0.0001";"µg_g";"6.3";"-";"2.69";"3.85";"8.95";"9.27";"1.36";"4.54";"3.25";"3.03";"3.41";"2.53";"2.64"
"2023";"Febrero";"Metales_y_no_metales";"Níquel";"0.01";"0.03";"µg_g";"10.825";"-";"2.985";"6.785";"24.415";"22.195";"3.115";"5.07";"3.955";"2.945";"3.635";"2.735";"2.5"
"2023";"Febrero";"Metales_y_no_metales";"Cobre";"0.0007";"0.002";"µg_g";"18.025";"-";"7.505";"23.975";"84.67";"84.735";"15.69";"6.225";"6.755";"13.09";"9.08";"2.295";"2.115"
"2023";"Febrero";"Metales_y_no_metales";"Zinc";"0.03";"0.1";"µg_g";"58.46";"-";"25.085";"78.62";"194.58";"234.135";"20.805";"64.43";"50.915";"38.345";"39.135";"22.16";"14.735"
"2023";"Febrero";"Metales_y_no_metales";"Arsénico";"0.004";"0.01";"µg_g";"5.39";"-";"1.32";"3.07";"10.565";"8.845";"2.15";"1.99";"2.435";"1.37";"1.845";"1.285";"1.845"
"2023";"Febrero";"Metales_y_no_metales";"Plata";"0.04";"0.1";"µg_g";"0.14";"-";"<LC";"0.175";"<LC";"1.435";"<LC";"<LC";"<LC";"<LC";"<LC";"ND";"ND"
"2023";"Febrero";"Metales_y_no_metales";"Cadmio";"0.0001";"0.0003";"µg_g";"0.275";"-";"0.08";"0.375";"0.55";"0.74";"0.03";"0.19";"0.18";"0.12";"0.115";"0.05";"0.025"
"2023";"Febrero";"Metales_y_no_metales";"Estaño";"0.04";"0.1";"µg_g";"ND";"-";"0.15";"0.995";"0.35";"0.625";"0.795";"<LC";"<LC";"0.125";"<LC";"<LC";"ND"
"2023";"Febrero";"Metales_y_no_metales";"Mercurio";"0.001";"0.004";"µg_g";"0.03";"-";"0.015";"0.05";"0.085";"0.11";"<LC";"0.035";"0.035";"0.0215";"0.011";"0.006";"<LC"
"2023";"Febrero";"Metales_y_no_metales";"Plomo";"0.002";"0.005";"µg_g";"19.605";"-";"13.905";"52.205";"61.845";"88.51";"32.245";"12.635";"12.315";"8.26";"19.215";"7.325";"5.97"
"2023";"Febrero";"Metales_y_no_metales";"Uranio";"0.0001";"0.0003";"µg_g";"1.76";"-";"0.405";"0.59";"7.2";"4.55";"0.175";"0.315";"0.305";"0.175";"0.38";"0.215";"0.22"
"2023";"Febrero";"Bifenilos_policlorados";"-";"-";"-";"-";"-";"-";"-";"-";"-";"-";"-";"-";"-";"-";"-";"-";"-"
"2023";"Febrero";"Compuestos_orgánicos";"Acetona";"5";"15";"µg_kg";"ND";"-";"ND";"ND";"ND";"ND";"ND";"ND";"ND";"ND";"ND";"ND";"ND"
"2023";"Febrero";"Compuestos_orgánicos";"Acetonitrilo";"5";"15";"µg_kg";"ND";"-";"ND";"ND";"ND";"ND";"ND";"ND";"ND";"ND";"ND";"ND";"ND"
"2023";"Febrero";"Compuestos_orgánicos";"Acroleína_(Propenal)";"3";"10";"µg_kg";"ND";"-";"ND";"ND";"ND";"ND";"ND";"ND";"ND";"ND";"ND";"ND";"ND"
"2023";"Febrero";"Compuestos_orgánicos";"Benceno_";"3";"10";"µg_kg";"ND";"-";"ND";"ND";"ND";"ND";"ND";"ND";"ND";"ND";"ND";"ND";"ND"
"2023";"Febrero";"Compuestos_orgánicos";"Cloruro_de_Bencilo";"3";"10";"µg_kg";"ND";"-";"ND";"ND";"ND";"ND";"ND";"ND";"ND";"ND";"ND";"ND";"ND"
"2023";"Febrero";"Compuestos_orgánicos";"Bromobenceno_";"3";"10";"µg_kg";"ND";"-";"ND";"ND";"ND";"ND";"ND";"ND";"ND";"ND";"ND";"ND";"ND"
"2023";"Febrero";"Compuestos_orgánicos";"Bromoclorometano_";"3";"10";"µg_kg";"ND";"-";"ND";"ND";"ND";"ND";"ND";"ND";"ND";"ND";"ND";"ND";"ND"
"2023";"Febrero";"Compuestos_orgánicos";"Bromoformo_";"3";"10";"µg_kg";"ND";"-";"ND";"ND";"ND";"ND";"ND";"ND";"ND";"ND";"ND";"ND";"ND"
"2023";"Febrero";"Compuestos_orgánicos";"Bromometano_";"3";"10";"µg_kg";"ND";"-";"ND";"ND";"ND";"ND";"ND";"ND";"ND";"ND";"ND";"ND";"ND"
"2023";"Febrero";"Compuestos_orgánicos";"n-Butanol_";"3";"10";"µg_kg";"ND";"-";"ND";"ND";"ND";"ND";"ND";"ND";"ND";"ND";"ND";"ND";"ND"
"2023";"Febrero";"Compuestos_orgánicos";"2-Butanona_(MEK)_";"5";"15";"µg_kg";"ND";"-";"ND";"ND";"ND";"ND";"ND";"ND";"ND";"ND";"ND";"ND";"ND"
"2023";"Febrero";"Compuestos_orgánicos";"t-Butil_alcohol";"3";"10";"µg_kg";"ND";"-";"ND";"ND";"ND";"ND";"ND";"ND";"ND";"ND";"ND";"ND";"ND"
"2023";"Febrero";"Compuestos_orgánicos";"Tetracloruro_de_Carbono";"3";"10";"µg_kg";"ND";"-";"ND";"ND";"ND";"ND";"ND";"ND";"ND";"ND";"ND";"ND";"ND"
"2023";"Febrero";"Compuestos_orgánicos";"clorobenceno_";"3";"10";"µg_kg";"ND";"-";"ND";"ND";"ND";"ND";"ND";"ND";"ND";"ND";"ND";"ND";"ND"
"2023";"Febrero";"Compuestos_orgánicos";"1-clorobutano_";"3";"10";"µg_kg";"ND";"-";"ND";"ND";"ND";"ND";"ND";"ND";"ND";"ND";"ND";"ND";"ND"
"2023";"Febrero";"Compuestos_orgánicos";"cloroetano_";"3";"10";"µg_kg";"ND";"-";"ND";"ND";"ND";"ND";"ND";"ND";"ND";"ND";"ND";"ND";"ND"
"2023";"Febrero";"Compuestos_orgánicos";"2-cloroetanol_";"5";"15";"µg_kg";"ND";"-";"ND";"ND";"ND";"ND";"ND";"ND";"ND";"ND";"ND";"ND";"ND"
"2023";"Febrero";"Compuestos_orgánicos";"cloroformo";"3";"10";"µg_kg";"ND";"-";"ND";"ND";"ND";"ND";"ND";"ND";"ND";"ND";"ND";"ND";"ND"
"2023";"Febrero";"Compuestos_orgánicos";"1-clorohexano";"3";"10";"µg_kg";"ND";"-";"ND";"ND";"ND";"ND";"ND";"ND";"ND";"ND";"ND";"ND";"ND"
"2023";"Febrero";"Compuestos_orgánicos";"clorometano_";"3";"10";"µg_kg";"ND";"-";"ND";"ND";"ND";"ND";"ND";"ND";"ND";"ND";"ND";"ND";"ND"
"2023";"Febrero";"Compuestos_orgánicos";"2-clorotolueno_";"3";"10";"µg_kg";"ND";"-";"ND";"ND";"ND";"ND";"ND";"ND";"ND";"ND";"ND";"ND";"ND"
"2023";"Febrero";"Compuestos_orgánicos";"4-clorotolueno_";"3";"10";"µg_kg";"ND";"-";"ND";"ND";"ND";"ND";"ND";"ND";"ND";"ND";"ND";"ND";"ND"
"2023";"Febrero";"Compuestos_orgánicos";"1,2-Diclorobenceno_";"3";"10";"µg_kg";"ND";"-";"ND";"ND";"ND";"ND";"ND";"ND";"ND";"ND";"ND";"ND";"ND"
"2023";"Febrero";"Compuestos_orgánicos";"1,3-Diclorobenceno_";"3";"10";"µg_kg";"ND";"-";"ND";"ND";"ND";"ND";"ND";"ND";"ND";"ND";"ND";"ND";"ND"
"2023";"Febrero";"Compuestos_orgánicos";"1,4-Diclorobenceno_";"3";"10";"µg_kg";"ND";"-";"ND";"ND";"ND";"ND";"ND";"ND";"ND";"ND";"ND";"ND";"ND"
"2023";"Febrero";"Compuestos_orgánicos";"1,3-Dicloropropano";"3";"10";"µg_kg";"ND";"-";"ND";"ND";"ND";"ND";"ND";"ND";"ND";"ND";"ND";"ND";"ND"
"2023";"Febrero";"Compuestos_orgánicos";"1,2-Dicloropropano_";"3";"10";"µg_kg";"ND";"-";"ND";"ND";"ND";"ND";"ND";"ND";"ND";"ND";"ND";"ND";"ND"
"2023";"Febrero";"Compuestos_orgánicos";"2,2-Dicloropropano_";"3";"10";"µg_kg";"ND";"-";"ND";"ND";"ND";"ND";"ND";"ND";"ND";"ND";"ND";"ND";"ND"
"2023";"Febrero";"Compuestos_orgánicos";"1,4-Dioxano_";"5";"15";"µg_kg";"ND";"-";"ND";"ND";"ND";"ND";"ND";"ND";"ND";"ND";"ND";"ND";"ND"
"2023";"Febrero";"Compuestos_orgánicos";"Acetato_de_Etilo";"5";"15";"µg_kg";"ND";"-";"ND";"ND";"ND";"ND";"ND";"ND";"ND";"ND";"ND";"ND";"ND"
"2023";"Febrero";"Compuestos_orgánicos";"Etil_benceno_";"3";"10";"µg_kg";"ND";"-";"ND";"ND";"ND";"ND";"ND";"ND";"ND";"ND";"ND";"ND";"ND"
"2023";"Febrero";"Compuestos_orgánicos";"2-Hexanona_";"3";"10";"µg_kg";"ND";"-";"ND";"ND";"ND";"ND";"ND";"ND";"ND";"ND";"ND";"ND";"ND"
"2023";"Febrero";"Compuestos_orgánicos";"Isobutil_alcohol_";"5";"15";"µg_kg";"ND";"-";"ND";"ND";"ND";"ND";"ND";"ND";"ND";"ND";"ND";"ND";"ND"
"2023";"Febrero";"Compuestos_orgánicos";"Metil_tert-butil_eter_(MTBE)";"5";"15";"µg_kg";"ND";"-";"ND";"ND";"ND";"ND";"ND";"ND";"ND";"ND";"ND";"ND";"ND"
"2023";"Febrero";"Compuestos_orgánicos";"Metilciclohexano_";"3";"10";"µg_kg";"ND";"-";"ND";"ND";"ND";"ND";"ND";"ND";"ND";"ND";"ND";"ND";"ND"
"2023";"Febrero";"Compuestos_orgánicos";"Diclorometano";"5";"15";"µg_kg";"ND";"-";"ND";"ND";"ND";"ND";"ND";"ND";"ND";"ND";"ND";"ND";"ND"
"2023";"Febrero";"Compuestos_orgánicos";"4-Metil-2-pentanona_(MIBK)";"3";"10";"µg_kg";"ND";"-";"ND";"ND";"ND";"ND";"ND";"ND";"ND";"ND";"ND";"ND";"ND"
"2023";"Febrero";"Compuestos_orgánicos";"Nitrobenceno_(NB)";"3";"10";"µg_kg";"ND";"-";"ND";"ND";"ND";"ND";"ND";"ND";"ND";"ND";"ND";"ND";"ND"
"2023";"Febrero";"Compuestos_orgánicos";"Piridina";"5";"15";"µg_kg";"ND";"-";"ND";"ND";"ND";"ND";"ND";"ND";"ND";"ND";"ND";"ND";"ND"
"2023";"Febrero";"Compuestos_orgánicos";"Estireno";"3";"10";"µg_kg";"ND";"-";"ND";"ND";"ND";"ND";"ND";"ND";"ND";"ND";"ND";"ND";"ND"
"2023";"Febrero";"Compuestos_orgánicos";"1,1,1,2-Tetracloroetano";"3";"10";"µg_kg";"ND";"-";"ND";"ND";"ND";"ND";"ND";"ND";"ND";"ND";"ND";"ND";"ND"
"2023";"Febrero";"Compuestos_orgánicos";"1,1,2,2-Tetracloroetano";"3";"10";"µg_kg";"ND";"-";"ND";"ND";"ND";"ND";"ND";"ND";"ND";"ND";"ND";"ND";"ND"
"2023";"Febrero";"Compuestos_orgánicos";"Tetracloroeteno";"3";"10";"µg_kg";"ND";"-";"ND";"ND";"ND";"ND";"ND";"ND";"ND";"ND";"ND";"ND";"ND"
"2023";"Febrero";"Compuestos_orgánicos";"Tolueno";"3";"10";"µg_kg";"ND";"-";"ND";"ND";"ND";"ND";"ND";"ND";"ND";"ND";"ND";"ND";"ND"
"2023";"Febrero";"Compuestos_orgánicos";"1,2,3-Triclorobenceno";"3";"10";"µg_kg";"ND";"-";"ND";"ND";"ND";"ND";"ND";"ND";"ND";"ND";"ND";"ND";"ND"
"2023";"Febrero";"Compuestos_orgánicos";"1,2,4-Triclorobenceno";"3";"10";"µg_kg";"ND";"-";"ND";"ND";"ND";"ND";"ND";"ND";"ND";"ND";"ND";"ND";"ND"
"2023";"Febrero";"Compuestos_orgánicos";"1,1,1-Tricloroetano";"3";"10";"µg_kg";"ND";"-";"ND";"ND";"ND";"ND";"ND";"ND";"ND";"ND";"ND";"ND";"ND"
"2023";"Febrero";"Compuestos_orgánicos";"1,1,2-Tricloroetano";"3";"10";"µg_kg";"ND";"-";"ND";"ND";"ND";"ND";"ND";"ND";"ND";"ND";"ND";"ND";"ND"
"2023";"Febrero";"Compuestos_orgánicos";"1,2,3-Trimetilbenceno_";"3";"10";"µg_kg";"ND";"-";"ND";"ND";"ND";"ND";"ND";"ND";"ND";"ND";"ND";"ND";"ND"
"2023";"Febrero";"Compuestos_orgánicos";"1,2,4-Trimetilbenceno_";"3";"10";"µg_kg";"ND";"-";"ND";"ND";"ND";"ND";"ND";"ND";"ND";"ND";"ND";"ND";"ND"
"2023";"Febrero";"Compuestos_orgánicos";"1,3,5-Trimetilbenceno_";"3";"10";"µg_kg";"ND";"-";"ND";"ND";"ND";"ND";"ND";"ND";"ND";"ND";"ND";"ND";"ND"
"2023";"Febrero";"Compuestos_orgánicos";"Cloruro_de_Vinilo";"5";"15";"µg_kg";"ND";"-";"ND";"ND";"ND";"ND";"ND";"ND";"ND";"ND";"ND";"ND";"ND"
"2023";"Febrero";"Compuestos_orgánicos";"m-xileno";"3";"10";"µg_kg";"ND";"-";"ND";"ND";"ND";"ND";"ND";"ND";"ND";"ND";"ND";"ND";"ND"
"2023";"Febrero";"Compuestos_orgánicos";"o-xileno_";"3";"10";"µg_kg";"ND";"-";"ND";"ND";"ND";"ND";"ND";"ND";"ND";"ND";"ND";"ND";"ND"
"2023";"Febrero";"Compuestos_orgánicos";"p-xileno_";"3";"10";"µg_kg";"ND";"-";"ND";"ND";"ND";"ND";"ND";"ND";"ND";"ND";"ND";"ND";"ND"
"2023";"Febrero";"Herbicidas_cuaternarios";"-";"-";"-";"-";"-";"-";"-";"-";"-";"-";"-";"-";"-";"-";"-";"-";"-"
"2023";"Febrero";"Herbicidas_cuaternarios";"-";"-";"-";"-";"-";"-";"-";"-";"-";"-";"-";"-";"-";"-";"-";"-";"-"
"2023";"Febrero";"Bifenilos_polibromados";"-";"-";"-";"-";"-";"-";"-";"-";"-";"-";"-";"-";"-";"-";"-";"-";"-"